{"temperature_2m": 2820.6826171875, "relative_humidity_2m": 2143.089599609375, "precipitation": 1265.4832763671875, "rain": 912.9135131835938, "snowfall": 652.1673583984375, "cloud_cover": 1121.1087646484375, "wind_speed_10m": 4315.98583984375, "wind_direction_10m": 1330.345947265625, "pressure_msl": 1406.9693603515625, "month": 4972.1064453125, "is_holiday": 1363.578369140625, "is_weekend": 6554.38134765625, "price_lag_1": 160165.78125, "price_lag_2": 22658.564453125, "price_lag_24": 25833.154296875, "price_lag_48": 2571.8486328125, "price_lag_168": 11655.185546875, "rolling_mean_24h": 2735.318115234375, "rolling_std_24h": 3108.2900390625, "temp_diff_24h": 1291.758056640625, "wind_power_idx": 5060.21630859375, "hour_sin": 18081.72265625, "hour_cos": 10704.6611328125, "day_sin": 4005.9521484375, "day_cos": 2869.736572265625}