{"temperature_2m": 1950.3612060546875, "relative_humidity_2m": 1349.572998046875, "precipitation": 741.3515014648438, "rain": 568.4779052734375, "snowfall": 468.60675048828125, "cloud_cover": 916.4822387695312, "wind_speed_10m": 2495.6494140625, "wind_direction_10m": 976.9335327148438, "pressure_msl": 964.5977172851562, "month": 2695.08056640625, "is_holiday": 918.994140625, "is_weekend": 3646.806640625, "price_lag_1": 112968.2890625, "price_lag_2": 16056.322265625, "price_lag_24": 12301.287109375, "price_lag_48": 1561.8404541015625, "price_lag_168": 5743.48486328125, "rolling_mean_24h": 2125.383056640625, "rolling_std_24h": 2388.100830078125, "temp_diff_24h": 819.6768798828125, "wind_power_idx": 3387.996826171875, "hour_sin": 11121.6259765625, "hour_cos": 5224.43212890625, "day_sin": 1784.7359619140625, "day_cos": 2500.3359375}