{"temperature_2m": 1525.926513671875, "relative_humidity_2m": 1110.59423828125, "precipitation": 703.7032470703125, "rain": 576.6351318359375, "snowfall": 393.6459045410156, "cloud_cover": 782.6488647460938, "wind_speed_10m": 2283.522705078125, "wind_direction_10m": 783.276123046875, "pressure_msl": 818.9231567382812, "month": 2367.818115234375, "is_holiday": 906.4766845703125, "is_weekend": 3404.046875, "price_lag_1": 103030.109375, "price_lag_2": 16161.6435546875, "price_lag_24": 10290.546875, "price_lag_48": 1416.4407958984375, "price_lag_168": 4777.04931640625, "rolling_mean_24h": 1848.7503662109375, "rolling_std_24h": 1729.4818115234375, "temp_diff_24h": 734.2965087890625, "wind_power_idx": 2788.89208984375, "hour_sin": 10020.740234375, "hour_cos": 4695.30712890625, "day_sin": 1603.0826416015625, "day_cos": 2369.49267578125}