{"temperature_2m": 828.3370361328125, "relative_humidity_2m": 594.9308471679688, "precipitation": 384.6059875488281, "rain": 317.1449890136719, "snowfall": 291.6878356933594, "cloud_cover": 462.5566711425781, "wind_speed_10m": 1189.66748046875, "wind_direction_10m": 495.4306335449219, "pressure_msl": 546.0484619140625, "month": 1533.9207763671875, "is_holiday": 554.4395141601562, "is_weekend": 2630.971435546875, "price_lag_1": 61964.56640625, "price_lag_2": 9434.0087890625, "price_lag_24": 4306.77587890625, "price_lag_48": 698.4295043945312, "price_lag_168": 2074.483642578125, "rolling_mean_24h": 1064.139404296875, "rolling_std_24h": 1384.178466796875, "temp_diff_24h": 454.5526428222656, "wind_power_idx": 1474.3482666015625, "hour_sin": 6987.35693359375, "hour_cos": 2713.637451171875, "day_sin": 1032.898681640625, "day_cos": 1530.30419921875}