{"temperature_2m": 889.4842529296875, "relative_humidity_2m": 785.74072265625, "precipitation": 488.1016540527344, "rain": 432.3924560546875, "snowfall": 367.2688903808594, "cloud_cover": 445.1331787109375, "wind_speed_10m": 1393.5118408203125, "wind_direction_10m": 602.6128540039062, "pressure_msl": 674.822998046875, "month": 1917.2650146484375, "is_holiday": 923.0421142578125, "is_weekend": 4651.12939453125, "price_lag_1": 66274.1640625, "price_lag_2": 10475.3759765625, "price_lag_24": 8262.0, "price_lag_48": 1263.126220703125, "price_lag_168": 4143.0927734375, "rolling_mean_24h": 1677.5673828125, "rolling_std_24h": 1232.420166015625, "temp_diff_24h": 514.6953735351562, "wind_power_idx": 3841.17041015625, "hour_sin": 9871.365234375, "hour_cos": 4556.74169921875, "day_sin": 1761.21875, "day_cos": 1733.5277099609375}