{"temperature_2m": 1833.597412109375, "relative_humidity_2m": 1670.8504638671875, "precipitation": 609.7717895507812, "rain": 645.1475219726562, "snowfall": 409.37237548828125, "cloud_cover": 750.7660522460938, "wind_speed_10m": 3146.6171875, "wind_direction_10m": 789.425537109375, "pressure_msl": 902.2418823242188, "month": 2589.408203125, "is_holiday": 904.7957763671875, "is_weekend": 3742.552490234375, "price_lag_1": 93968.390625, "price_lag_2": 20486.0234375, "price_lag_24": 14480.8701171875, "price_lag_48": 2168.608154296875, "price_lag_168": 7892.58056640625, "rolling_mean_24h": 3565.355224609375, "rolling_std_24h": 2298.338134765625, "temp_diff_24h": 752.6121826171875, "wind_power_idx": 4134.9765625, "hour_sin": 10719.310546875, "hour_cos": 6058.52734375, "day_sin": 2849.3154296875, "day_cos": 2158.19140625}