{"temperature_2m": 758.6888427734375, "relative_humidity_2m": 814.3928833007812, "precipitation": 379.01177978515625, "rain": 315.9133605957031, "snowfall": 264.9686279296875, "cloud_cover": 416.7186279296875, "wind_speed_10m": 1295.866455078125, "wind_direction_10m": 467.3521423339844, "pressure_msl": 445.65234375, "month": 1587.211181640625, "is_holiday": 684.8379516601562, "is_weekend": 2648.3310546875, "price_lag_1": 58153.06640625, "price_lag_2": 11916.1015625, "price_lag_24": 5841.33544921875, "price_lag_48": 762.6650390625, "price_lag_168": 2377.50537109375, "rolling_mean_24h": 1308.0006103515625, "rolling_std_24h": 1031.8602294921875, "temp_diff_24h": 386.79437255859375, "wind_power_idx": 2106.5322265625, "hour_sin": 7679.4033203125, "hour_cos": 3122.4580078125, "day_sin": 971.7656860351562, "day_cos": 1479.2320556640625}