{"temperature_2m": 1129.7626953125, "relative_humidity_2m": 1749.94482421875, "precipitation": 468.1601257324219, "rain": 386.8847351074219, "snowfall": 345.7481689453125, "cloud_cover": 671.3616943359375, "wind_speed_10m": 2996.731201171875, "wind_direction_10m": 480.4852600097656, "pressure_msl": 731.6248779296875, "hour": 5257.154296875, "day_of_week": 3380.698486328125, "is_holiday": 1095.9833984375, "hour_sin": 7478.43115234375, "hour_cos": 2021.77099609375, "price_lag_1": 80179.7109375, "price_lag_2": 16573.84375, "price_lag_24": 16130.4814453125, "price_lag_48": 1209.784423828125, "price_lag_168": 6044.353515625}