{"temperature_2m": 1048.2010498046875, "relative_humidity_2m": 868.746826171875, "precipitation": 458.6665954589844, "rain": 313.4401550292969, "snowfall": 287.6848449707031, "cloud_cover": 495.91424560546875, "wind_speed_10m": 1379.59130859375, "wind_direction_10m": 607.4282836914062, "pressure_msl": 597.9328002929688, "month": 2160.90185546875, "is_holiday": 758.9899291992188, "is_weekend": 4776.140625, "price_lag_1": 80914.234375, "price_lag_2": 8619.568359375, "price_lag_24": 6983.392578125, "price_lag_48": 836.0430297851562, "price_lag_168": 3463.911376953125, "rolling_mean_24h": 1259.7987060546875, "rolling_std_24h": 1172.063232421875, "temp_diff_24h": 471.0341796875, "wind_power_idx": 1643.4239501953125, "hour_sin": 10850.9580078125, "hour_cos": 4404.07666015625, "day_sin": 1375.1927490234375, "day_cos": 1934.0535888671875}