{"temperature_2m": 1052.1136474609375, "relative_humidity_2m": 763.939697265625, "precipitation": 487.3925476074219, "rain": 466.2062683105469, "snowfall": 322.8432922363281, "cloud_cover": 571.1746826171875, "wind_speed_10m": 1527.647216796875, "wind_direction_10m": 580.7129516601562, "pressure_msl": 593.0541381835938, "month": 1914.361083984375, "is_holiday": 698.4470825195312, "is_weekend": 2649.94482421875, "price_lag_1": 86249.53125, "price_lag_2": 10965.3154296875, "price_lag_24": 6106.21142578125, "price_lag_48": 928.118896484375, "price_lag_168": 3036.266357421875, "rolling_mean_24h": 1180.91748046875, "rolling_std_24h": 1242.251953125, "temp_diff_24h": 509.0932922363281, "wind_power_idx": 2189.5576171875, "hour_sin": 9477.68359375, "hour_cos": 3373.92919921875, "day_sin": 1272.128662109375, "day_cos": 2034.35791015625}