{"temperature_2m": 1204.6282958984375, "relative_humidity_2m": 1124.43359375, "precipitation": 616.0636596679688, "rain": 537.07568359375, "snowfall": 430.17657470703125, "cloud_cover": 739.3982543945312, "wind_speed_10m": 2877.880126953125, "wind_direction_10m": 854.9898071289062, "pressure_msl": 868.0986328125, "month": 2515.310791015625, "is_holiday": 985.9271850585938, "is_weekend": 5199.01611328125, "price_lag_1": 88791.484375, "price_lag_2": 16465.861328125, "price_lag_24": 13796.626953125, "price_lag_48": 1428.7197265625, "price_lag_168": 6810.57763671875, "rolling_mean_24h": 2427.474609375, "rolling_std_24h": 2084.898681640625, "temp_diff_24h": 685.5582885742188, "wind_power_idx": 2808.049560546875, "hour_sin": 12063.525390625, "hour_cos": 7371.23974609375, "day_sin": 2248.66162109375, "day_cos": 2515.61328125}