{"temperature_2m": 350.3165588378906, "relative_humidity_2m": 345.9087219238281, "precipitation": 186.7533416748047, "rain": 189.24307250976562, "snowfall": 162.23350524902344, "cloud_cover": 220.16859436035156, "wind_speed_10m": 508.6058654785156, "wind_direction_10m": 262.3400573730469, "pressure_msl": 261.8679504394531, "month": 944.0285034179688, "is_holiday": 441.57037353515625, "is_weekend": 1633.15673828125, "price_lag_1": 27270.36328125, "price_lag_2": 5780.1953125, "price_lag_24": 2489.583251953125, "price_lag_48": 429.4996643066406, "price_lag_168": 982.5158081054688, "rolling_mean_24h": 705.1294555664062, "rolling_std_24h": 724.5719604492188, "temp_diff_24h": 249.1671600341797, "wind_power_idx": 1111.9803466796875, "hour_sin": 4293.66748046875, "hour_cos": 1859.652587890625, "day_sin": 596.9783935546875, "day_cos": 834.5257568359375}