{"temperature_2m": 1587.527587890625, "relative_humidity_2m": 1081.529296875, "precipitation": 721.1404418945312, "rain": 564.1804809570312, "snowfall": 388.59539794921875, "cloud_cover": 771.7219848632812, "wind_speed_10m": 2240.162841796875, "wind_direction_10m": 746.4553833007812, "pressure_msl": 872.2125854492188, "month": 2374.65283203125, "is_holiday": 905.1854858398438, "is_weekend": 3420.19287109375, "price_lag_1": 101096.75, "price_lag_2": 17768.955078125, "price_lag_24": 10387.0859375, "price_lag_48": 1752.912109375, "price_lag_168": 5068.8251953125, "rolling_mean_24h": 1861.60791015625, "rolling_std_24h": 1737.711181640625, "temp_diff_24h": 725.43408203125, "wind_power_idx": 3240.72607421875, "hour_sin": 10183.6279296875, "hour_cos": 4846.466796875, "day_sin": 1611.1416015625, "day_cos": 2394.10986328125}