{"temperature_2m": 3085.67919921875, "relative_humidity_2m": 2405.737060546875, "precipitation": 1062.661376953125, "rain": 1025.9989013671875, "snowfall": 770.4763793945312, "cloud_cover": 1957.2252197265625, "wind_speed_10m": 5224.08642578125, "wind_direction_10m": 1509.260009765625, "pressure_msl": 1522.1400146484375, "month": 5315.42431640625, "is_holiday": 1537.1195068359375, "is_weekend": 8066.5859375, "price_lag_1": 172853.875, "price_lag_2": 35832.984375, "price_lag_24": 40285.83203125, "price_lag_48": 3675.166259765625, "price_lag_168": 16918.755859375, "rolling_mean_24h": 4585.552734375, "rolling_std_24h": 5179.77880859375, "temp_diff_24h": 1479.6607666015625, "wind_power_idx": 11319.3056640625, "hour_sin": 20259.556640625, "hour_cos": 16575.212890625, "day_sin": 4839.86279296875, "day_cos": 3267.87255859375}