{"temperature_2m": 1268.525146484375, "relative_humidity_2m": 1095.8787841796875, "precipitation": 532.7145385742188, "rain": 452.7112731933594, "snowfall": 344.4441833496094, "cloud_cover": 562.460693359375, "wind_speed_10m": 2305.22998046875, "wind_direction_10m": 658.9637451171875, "pressure_msl": 739.5543212890625, "month": 2005.6278076171875, "is_holiday": 818.2330322265625, "is_weekend": 3268.503173828125, "price_lag_1": 76059.96875, "price_lag_2": 16751.77734375, "price_lag_24": 8983.431640625, "price_lag_48": 1598.7337646484375, "price_lag_168": 5049.23388671875, "rolling_mean_24h": 2255.465087890625, "rolling_std_24h": 1459.7236328125, "temp_diff_24h": 587.9840087890625, "wind_power_idx": 2843.267333984375, "hour_sin": 8829.3515625, "hour_cos": 4919.6865234375, "day_sin": 2129.111328125, "day_cos": 2023.998291015625}