{"temperature_2m": 637.2476806640625, "relative_humidity_2m": 834.9343872070312, "precipitation": 274.195556640625, "rain": 266.71270751953125, "snowfall": 242.8489227294922, "cloud_cover": 346.3260192871094, "wind_speed_10m": 1071.2032470703125, "wind_direction_10m": 383.9693603515625, "pressure_msl": 403.70458984375, "month": 1355.9654541015625, "is_holiday": 532.8975830078125, "is_weekend": 2546.845703125, "price_lag_1": 41883.08984375, "price_lag_2": 12386.109375, "price_lag_24": 4982.13916015625, "price_lag_48": 704.982421875, "price_lag_168": 2663.177734375, "rolling_mean_24h": 1381.48876953125, "rolling_std_24h": 1268.8369140625, "temp_diff_24h": 367.4285583496094, "wind_power_idx": 1405.2880859375, "hour_sin": 6221.380859375, "hour_cos": 3398.23828125, "day_sin": 1086.360595703125, "day_cos": 1316.84521484375}