{"temperature_2m": 3071.1630859375, "relative_humidity_2m": 2169.83642578125, "precipitation": 937.82177734375, "rain": 1200.686767578125, "snowfall": 446.4744567871094, "cloud_cover": 981.1911010742188, "wind_speed_10m": 3980.3837890625, "wind_direction_10m": 1320.650390625, "pressure_msl": 1310.75244140625, "month": 4622.88232421875, "is_holiday": 1246.2957763671875, "is_weekend": 7145.83203125, "price_lag_1": 164653.90625, "price_lag_2": 20529.60546875, "price_lag_24": 28482.87109375, "price_lag_48": 2351.637451171875, "price_lag_168": 11822.5693359375, "rolling_mean_24h": 3187.576904296875, "rolling_std_24h": 3168.651611328125, "temp_diff_24h": 1230.1834716796875, "wind_power_idx": 6614.2666015625, "hour_sin": 19145.884765625, "hour_cos": 10870.7578125, "day_sin": 3570.02392578125, "day_cos": 2561.873779296875}