{"temperature_2m": 2095.61669921875, "relative_humidity_2m": 2264.270263671875, "precipitation": 697.6490478515625, "rain": 733.5416259765625, "snowfall": 545.5010375976562, "cloud_cover": 822.7533569335938, "wind_speed_10m": 3061.899169921875, "wind_direction_10m": 866.4826049804688, "pressure_msl": 971.9943237304688, "month": 2815.911376953125, "is_holiday": 979.2032470703125, "is_weekend": 4361.1123046875, "price_lag_1": 89180.984375, "price_lag_2": 25726.177734375, "price_lag_24": 16879.25, "price_lag_48": 2169.419189453125, "price_lag_168": 9339.7646484375, "rolling_mean_24h": 4175.1279296875, "rolling_std_24h": 2969.648681640625, "temp_diff_24h": 836.7506713867188, "wind_power_idx": 5555.28955078125, "hour_sin": 11152.5966796875, "hour_cos": 7463.974609375, "day_sin": 2835.023681640625, "day_cos": 2358.314453125}