{"temperature_2m": 1384.563720703125, "relative_humidity_2m": 1373.0623779296875, "precipitation": 484.04095458984375, "rain": 453.1398010253906, "snowfall": 351.91949462890625, "cloud_cover": 653.5182495117188, "wind_speed_10m": 2394.40478515625, "wind_direction_10m": 722.0745239257812, "pressure_msl": 743.8046264648438, "month": 2396.3701171875, "is_holiday": 816.2294311523438, "is_weekend": 4042.009033203125, "price_lag_1": 94979.703125, "price_lag_2": 20414.5546875, "price_lag_24": 12329.572265625, "price_lag_48": 1598.1346435546875, "price_lag_168": 5167.7431640625, "rolling_mean_24h": 2248.998779296875, "rolling_std_24h": 1855.1021728515625, "temp_diff_24h": 591.6375732421875, "wind_power_idx": 3941.4775390625, "hour_sin": 10940.84765625, "hour_cos": 5126.3251953125, "day_sin": 1879.5894775390625, "day_cos": 2267.055419921875}