{"temperature_2m": 244.0786590576172, "relative_humidity_2m": 387.17999267578125, "precipitation": 127.15060424804688, "rain": 212.67349243164062, "snowfall": 123.62028503417969, "cloud_cover": 136.2262725830078, "wind_speed_10m": 350.7894287109375, "wind_direction_10m": 162.04019165039062, "pressure_msl": 159.98916625976562, "month": 720.4459838867188, "is_holiday": 299.1807556152344, "is_weekend": 1166.48388671875, "price_lag_1": 19761.607421875, "price_lag_2": 3582.727294921875, "price_lag_24": 2011.369140625, "price_lag_48": 222.28054809570312, "price_lag_168": 684.1759033203125, "rolling_mean_24h": 515.3316650390625, "rolling_std_24h": 431.49627685546875, "temp_diff_24h": 146.27911376953125, "wind_power_idx": 388.6174621582031, "hour_sin": 3527.51220703125, "hour_cos": 1287.229736328125, "day_sin": 352.08416748046875, "day_cos": 435.9267883300781}