{"temperature_2m": 1461.371337890625, "relative_humidity_2m": 2516.13134765625, "precipitation": 533.3639526367188, "rain": 619.05078125, "cloud_cover": 926.2965087890625, "wind_speed_10m": 3669.486083984375, "wind_direction_10m": 648.9298706054688, "pressure_msl": 1074.403076171875, "hour": 5531.0224609375, "day_of_week": 3346.432373046875, "is_holiday": 1332.9649658203125, "hour_sin": 9344.419921875, "hour_cos": 3658.781005859375, "price_lag_1": 118112.1484375, "price_lag_2": 19180.3203125, "price_lag_24": 24232.70703125, "price_lag_48": 1714.242919921875, "price_lag_168": 7865.02978515625}