{"temperature_2m": 436.5141906738281, "relative_humidity_2m": 301.8977966308594, "precipitation": 233.56570434570312, "rain": 173.9967803955078, "snowfall": 171.52249145507812, "cloud_cover": 259.8534240722656, "wind_speed_10m": 616.1057739257812, "wind_direction_10m": 290.86492919921875, "pressure_msl": 286.9864196777344, "month": 1047.92431640625, "is_holiday": 389.4989318847656, "is_weekend": 1700.6866455078125, "price_lag_1": 36875.42578125, "price_lag_2": 5024.12744140625, "price_lag_24": 2036.010009765625, "price_lag_48": 400.5022277832031, "price_lag_168": 975.599365234375, "rolling_mean_24h": 578.72607421875, "rolling_std_24h": 659.50048828125, "temp_diff_24h": 250.03927612304688, "wind_power_idx": 660.8169555664062, "hour_sin": 4998.45849609375, "hour_cos": 1736.968017578125, "day_sin": 730.6748046875, "day_cos": 914.8006591796875}