{"temperature_2m": 1805.79443359375, "relative_humidity_2m": 1556.9239501953125, "precipitation": 870.7199096679688, "rain": 725.5637817382812, "snowfall": 429.0756530761719, "cloud_cover": 804.3516235351562, "wind_speed_10m": 2958.722412109375, "wind_direction_10m": 1025.13330078125, "pressure_msl": 1098.200927734375, "month": 3504.764892578125, "is_holiday": 1113.88525390625, "is_weekend": 7184.45703125, "price_lag_1": 125415.7890625, "price_lag_2": 21625.732421875, "price_lag_24": 23489.875, "price_lag_48": 1821.7744140625, "price_lag_168": 9770.072265625, "rolling_mean_24h": 3390.831787109375, "rolling_std_24h": 2601.77978515625, "temp_diff_24h": 937.3125610351562, "wind_power_idx": 7974.24462890625, "hour_sin": 16682.361328125, "hour_cos": 9167.8193359375, "day_sin": 3124.435791015625, "day_cos": 2531.72265625}