{"temperature_2m": 1258.3677978515625, "relative_humidity_2m": 939.70751953125, "precipitation": 479.23846435546875, "rain": 414.4421081542969, "snowfall": 379.69769287109375, "cloud_cover": 622.4844970703125, "wind_speed_10m": 1815.927734375, "wind_direction_10m": 660.3926391601562, "pressure_msl": 731.7232666015625, "month": 1987.1146240234375, "is_holiday": 796.8225708007812, "is_weekend": 2786.70849609375, "price_lag_1": 87435.1953125, "price_lag_2": 12442.6318359375, "price_lag_24": 7319.9091796875, "price_lag_48": 1004.7176513671875, "price_lag_168": 3722.890625, "rolling_mean_24h": 1467.895751953125, "rolling_std_24h": 1633.3021240234375, "temp_diff_24h": 586.5542602539062, "wind_power_idx": 2257.846435546875, "hour_sin": 8911.5380859375, "hour_cos": 4237.60693359375, "day_sin": 1320.6910400390625, "day_cos": 2225.337890625}