{"temperature_2m": 1149.483154296875, "relative_humidity_2m": 1649.1949462890625, "precipitation": 421.2632751464844, "rain": 446.0074768066406, "snowfall": 367.36590576171875, "cloud_cover": 680.8253784179688, "wind_speed_10m": 2928.131591796875, "wind_direction_10m": 492.77105712890625, "pressure_msl": 661.0986938476562, "hour": 3780.67431640625, "day_of_week": 2938.430908203125, "is_holiday": 1333.094482421875, "hour_sin": 6878.24169921875, "hour_cos": 2175.363037109375, "price_lag_1": 88754.0546875, "price_lag_2": 17356.037109375, "price_lag_24": 17570.037109375, "price_lag_48": 975.1951293945312, "price_lag_168": 4706.998046875}