{"temperature_2m": 1208.9000244140625, "relative_humidity_2m": 1066.90625, "precipitation": 561.8255615234375, "rain": 408.55792236328125, "snowfall": 391.91802978515625, "cloud_cover": 538.910888671875, "wind_speed_10m": 1658.1876220703125, "wind_direction_10m": 609.6074829101562, "pressure_msl": 630.3770141601562, "month": 1788.7384033203125, "is_holiday": 800.4054565429688, "is_weekend": 3085.4677734375, "price_lag_1": 69608.9765625, "price_lag_2": 15069.5654296875, "price_lag_24": 8738.3349609375, "price_lag_48": 1085.044189453125, "price_lag_168": 4204.37939453125, "rolling_mean_24h": 2806.74462890625, "rolling_std_24h": 1745.80908203125, "temp_diff_24h": 570.2097778320312, "wind_power_idx": 2171.69775390625, "hour_sin": 8367.5849609375, "hour_cos": 5140.328125, "day_sin": 1510.3480224609375, "day_cos": 1689.205810546875}