{"temperature_2m": 1359.576904296875, "relative_humidity_2m": 1184.7584228515625, "precipitation": 425.9016418457031, "rain": 579.5396118164062, "snowfall": 477.3658447265625, "cloud_cover": 670.5757446289062, "wind_speed_10m": 2368.93896484375, "wind_direction_10m": 743.9749145507812, "pressure_msl": 863.653564453125, "month": 2468.6875, "is_holiday": 952.780517578125, "is_weekend": 6157.927734375, "price_lag_1": 82791.2578125, "price_lag_2": 15091.7685546875, "price_lag_24": 12291.970703125, "price_lag_48": 1384.441162109375, "price_lag_168": 5970.50244140625, "rolling_mean_24h": 2812.475341796875, "rolling_std_24h": 1955.572509765625, "temp_diff_24h": 695.8801879882812, "wind_power_idx": 2915.424072265625, "hour_sin": 11629.009765625, "hour_cos": 6605.78515625, "day_sin": 1643.7427978515625, "day_cos": 1828.857177734375}