{"temperature_2m": 1170.3187255859375, "relative_humidity_2m": 1080.345458984375, "precipitation": 478.10797119140625, "rain": 432.455078125, "snowfall": 348.5184020996094, "cloud_cover": 534.3633422851562, "wind_speed_10m": 1938.43310546875, "wind_direction_10m": 567.70458984375, "pressure_msl": 596.4844360351562, "month": 1830.24462890625, "is_holiday": 789.2427368164062, "is_weekend": 3154.740966796875, "price_lag_1": 70784.6328125, "price_lag_2": 15071.341796875, "price_lag_24": 8134.48583984375, "price_lag_48": 1265.5069580078125, "price_lag_168": 4283.26513671875, "rolling_mean_24h": 2349.602783203125, "rolling_std_24h": 1430.995361328125, "temp_diff_24h": 533.3895263671875, "wind_power_idx": 2438.2421875, "hour_sin": 8541.11328125, "hour_cos": 4600.08154296875, "day_sin": 1632.6507568359375, "day_cos": 1890.09423828125}