{"temperature_2m": 201.25588989257812, "relative_humidity_2m": 161.4502716064453, "precipitation": 147.08375549316406, "rain": 110.4167251586914, "snowfall": 119.59550476074219, "cloud_cover": 141.396728515625, "wind_speed_10m": 308.8795471191406, "wind_direction_10m": 164.06214904785156, "pressure_msl": 165.5933380126953, "month": 687.4127197265625, "is_holiday": 340.0909423828125, "is_weekend": 1151.85791015625, "price_lag_1": 22002.501953125, "price_lag_2": 2877.189697265625, "price_lag_24": 1093.3408203125, "price_lag_48": 240.21951293945312, "price_lag_168": 504.56689453125, "rolling_mean_24h": 316.2442626953125, "rolling_std_24h": 404.1611022949219, "temp_diff_24h": 156.2483673095703, "wind_power_idx": 424.9589538574219, "hour_sin": 3250.922607421875, "hour_cos": 1030.7330322265625, "day_sin": 401.2123718261719, "day_cos": 506.3904113769531}