{"temperature_2m": 982.3341064453125, "relative_humidity_2m": 667.8214111328125, "precipitation": 410.335205078125, "rain": 320.4775695800781, "snowfall": 294.5578918457031, "cloud_cover": 471.3273010253906, "wind_speed_10m": 1540.8218994140625, "wind_direction_10m": 527.3823852539062, "pressure_msl": 527.2811889648438, "month": 1842.920654296875, "is_holiday": 689.3211059570312, "is_weekend": 2803.273681640625, "price_lag_1": 77974.984375, "price_lag_2": 11346.7802734375, "price_lag_24": 5417.0458984375, "price_lag_48": 933.4716186523438, "price_lag_168": 2913.0634765625, "rolling_mean_24h": 1110.3040771484375, "rolling_std_24h": 1248.8770751953125, "temp_diff_24h": 459.3597106933594, "wind_power_idx": 1554.2103271484375, "hour_sin": 8799.138671875, "hour_cos": 3144.23095703125, "day_sin": 1163.3861083984375, "day_cos": 1518.630859375}