{"temperature_2m": 1579.3223876953125, "relative_humidity_2m": 2924.60693359375, "precipitation": 633.8792114257812, "rain": 603.7229614257812, "snowfall": 506.7893981933594, "cloud_cover": 973.8128662109375, "wind_speed_10m": 3808.610595703125, "wind_direction_10m": 623.9181518554688, "pressure_msl": 1141.05078125, "hour": 6152.546875, "day_of_week": 3508.8330078125, "is_holiday": 1445.1761474609375, "hour_sin": 10237.130859375, "hour_cos": 4018.671875, "price_lag_1": 137920.359375, "price_lag_2": 22792.935546875, "price_lag_24": 29893.71484375, "price_lag_48": 2007.4957275390625, "price_lag_168": 8713.9814453125}