{"temperature_2m": 3378.19189453125, "relative_humidity_2m": 2418.418212890625, "precipitation": 1165.565673828125, "rain": 1318.275390625, "snowfall": 757.2259521484375, "cloud_cover": 1417.6781005859375, "wind_speed_10m": 4824.83251953125, "wind_direction_10m": 1515.1669921875, "pressure_msl": 1740.579345703125, "month": 5711.2919921875, "is_holiday": 1420.106689453125, "is_weekend": 7819.56298828125, "price_lag_1": 159390.34375, "price_lag_2": 33536.40625, "price_lag_24": 41411.1015625, "price_lag_48": 3649.822998046875, "price_lag_168": 15704.009765625, "rolling_mean_24h": 4808.96484375, "rolling_std_24h": 4924.2275390625, "temp_diff_24h": 1463.149169921875, "wind_power_idx": 10234.5029296875, "hour_sin": 18049.26953125, "hour_cos": 13640.8466796875, "day_sin": 4406.724609375, "day_cos": 3202.9697265625}