{"temperature_2m": 117.49478912353516, "relative_humidity_2m": 122.40986633300781, "precipitation": 80.09747314453125, "rain": 76.60121154785156, "snowfall": 78.39786529541016, "cloud_cover": 94.9249038696289, "wind_speed_10m": 197.4123077392578, "wind_direction_10m": 110.39920806884766, "pressure_msl": 108.06857299804688, "month": 421.7753601074219, "is_holiday": 230.74908447265625, "is_weekend": 692.395751953125, "price_lag_1": 12133.5859375, "price_lag_2": 1464.3983154296875, "price_lag_24": 543.70361328125, "price_lag_48": 144.21482849121094, "price_lag_168": 269.188232421875, "rolling_mean_24h": 202.11895751953125, "rolling_std_24h": 246.7825164794922, "temp_diff_24h": 105.74174499511719, "wind_power_idx": 178.36605834960938, "hour_sin": 2102.077880859375, "hour_cos": 573.6199951171875, "day_sin": 245.98045349121094, "day_cos": 278.3349914550781}