{"temperature_2m": 380.36981201171875, "relative_humidity_2m": 386.6378173828125, "precipitation": 184.10968017578125, "rain": 191.88787841796875, "snowfall": 174.2721710205078, "cloud_cover": 225.5258331298828, "wind_speed_10m": 529.9273681640625, "wind_direction_10m": 251.50360107421875, "pressure_msl": 261.0328063964844, "month": 1011.4908447265625, "is_holiday": 483.2504577636719, "is_weekend": 1635.6788330078125, "price_lag_1": 27473.55078125, "price_lag_2": 5292.533203125, "price_lag_24": 2623.907958984375, "price_lag_48": 390.0071105957031, "price_lag_168": 935.268798828125, "rolling_mean_24h": 750.546142578125, "rolling_std_24h": 681.25390625, "temp_diff_24h": 255.15847778320312, "wind_power_idx": 1038.6219482421875, "hour_sin": 4289.49365234375, "hour_cos": 1804.68603515625, "day_sin": 514.7692260742188, "day_cos": 619.2432250976562}