{"temperature_2m": 300.488525390625, "relative_humidity_2m": 227.4742431640625, "precipitation": 160.22552490234375, "rain": 128.42306518554688, "snowfall": 151.08201599121094, "cloud_cover": 183.83326721191406, "wind_speed_10m": 448.13922119140625, "wind_direction_10m": 208.57240295410156, "pressure_msl": 203.13589477539062, "month": 830.9027099609375, "is_holiday": 368.5961608886719, "is_weekend": 1541.31396484375, "price_lag_1": 26745.58203125, "price_lag_2": 3426.4775390625, "price_lag_24": 1366.3935546875, "price_lag_48": 266.1249694824219, "price_lag_168": 612.3978271484375, "rolling_mean_24h": 379.3352966308594, "rolling_std_24h": 483.2432861328125, "temp_diff_24h": 192.9923095703125, "wind_power_idx": 387.5671081542969, "hour_sin": 4015.5966796875, "hour_cos": 1153.749267578125, "day_sin": 459.8149719238281, "day_cos": 673.4404907226562}