{"temperature_2m": 229.87396240234375, "relative_humidity_2m": 232.18531799316406, "precipitation": 124.22025299072266, "rain": 127.02167510986328, "snowfall": 96.34815979003906, "cloud_cover": 134.33273315429688, "wind_speed_10m": 342.38189697265625, "wind_direction_10m": 159.32025146484375, "pressure_msl": 162.2790069580078, "month": 648.1949462890625, "is_holiday": 348.8199462890625, "is_weekend": 1061.294677734375, "price_lag_1": 18130.30078125, "price_lag_2": 3769.390380859375, "price_lag_24": 1480.877197265625, "price_lag_48": 234.64276123046875, "price_lag_168": 721.1748657226562, "rolling_mean_24h": 536.561279296875, "rolling_std_24h": 456.5107116699219, "temp_diff_24h": 170.75457763671875, "wind_power_idx": 399.4647521972656, "hour_sin": 2996.4921875, "hour_cos": 1425.28662109375, "day_sin": 452.0859069824219, "day_cos": 502.3988342285156}