{"temperature_2m": 1956.169189453125, "relative_humidity_2m": 1258.1295166015625, "precipitation": 614.626220703125, "rain": 507.4254150390625, "snowfall": 423.1676330566406, "cloud_cover": 746.8712158203125, "wind_speed_10m": 3254.39013671875, "wind_direction_10m": 854.4549560546875, "pressure_msl": 907.193115234375, "month": 2504.333251953125, "is_holiday": 919.1129760742188, "is_weekend": 4083.621826171875, "price_lag_1": 97351.109375, "price_lag_2": 21694.748046875, "price_lag_24": 15544.3271484375, "price_lag_48": 2174.527587890625, "price_lag_168": 7976.908203125, "rolling_mean_24h": 3683.25244140625, "rolling_std_24h": 2708.660400390625, "temp_diff_24h": 766.7556762695312, "wind_power_idx": 4107.6220703125, "hour_sin": 10585.56640625, "hour_cos": 6789.22998046875, "day_sin": 2842.02099609375, "day_cos": 2454.848388671875}