{"temperature_2m": 1988.478271484375, "relative_humidity_2m": 2417.202880859375, "precipitation": 713.349365234375, "rain": 785.5242919921875, "snowfall": 483.59814453125, "cloud_cover": 763.0205078125, "wind_speed_10m": 4409.47802734375, "wind_direction_10m": 924.79736328125, "pressure_msl": 973.392578125, "month": 2816.3916015625, "is_holiday": 981.53955078125, "is_weekend": 5269.3330078125, "price_lag_1": 106008.734375, "price_lag_2": 29396.515625, "price_lag_24": 20002.66796875, "price_lag_48": 2573.797119140625, "price_lag_168": 9797.8603515625, "rolling_mean_24h": 4325.7890625, "rolling_std_24h": 3174.204345703125, "temp_diff_24h": 756.917724609375, "wind_power_idx": 5539.32177734375, "hour_sin": 12740.07421875, "hour_cos": 8055.77880859375, "day_sin": 3323.786865234375, "day_cos": 2890.71142578125}