{"temperature_2m": 1652.5546875, "relative_humidity_2m": 3088.13427734375, "precipitation": 666.2003784179688, "rain": 778.9197998046875, "cloud_cover": 1008.8916625976562, "wind_speed_10m": 4222.1591796875, "wind_direction_10m": 687.3856811523438, "pressure_msl": 1200.1680908203125, "hour": 6186.3095703125, "day_of_week": 3923.731689453125, "is_holiday": 1514.392578125, "hour_sin": 10745.3603515625, "hour_cos": 4420.02783203125, "price_lag_1": 138942.078125, "price_lag_2": 25243.30859375, "price_lag_24": 34386.546875, "price_lag_48": 2348.8564453125, "price_lag_168": 10230.908203125}