{"temperature_2m": 1593.07666015625, "relative_humidity_2m": 1528.398681640625, "precipitation": 608.8006591796875, "rain": 369.08428955078125, "snowfall": 429.6395568847656, "cloud_cover": 670.5155029296875, "wind_speed_10m": 2598.048583984375, "wind_direction_10m": 782.3745727539062, "pressure_msl": 778.4930419921875, "month": 2376.22216796875, "is_holiday": 919.7600708007812, "is_weekend": 3777.471923828125, "price_lag_1": 94728.25, "price_lag_2": 19934.50390625, "price_lag_24": 12699.150390625, "price_lag_48": 1643.323486328125, "price_lag_168": 5455.181640625, "rolling_mean_24h": 2480.972412109375, "rolling_std_24h": 1904.886474609375, "temp_diff_24h": 678.7539672851562, "wind_power_idx": 4113.029296875, "hour_sin": 10572.8857421875, "hour_cos": 5509.5869140625, "day_sin": 1816.42431640625, "day_cos": 2266.5947265625}