{"temperature_2m": 755.3119506835938, "relative_humidity_2m": 539.2528686523438, "precipitation": 375.1503601074219, "rain": 408.4073791503906, "snowfall": 266.3533020019531, "cloud_cover": 445.6680603027344, "wind_speed_10m": 1018.2079467773438, "wind_direction_10m": 488.6249084472656, "pressure_msl": 470.92901611328125, "month": 1468.4395751953125, "is_holiday": 510.4601745605469, "is_weekend": 2221.70654296875, "price_lag_1": 59574.8359375, "price_lag_2": 8710.7314453125, "price_lag_24": 4521.91845703125, "price_lag_48": 632.6005249023438, "price_lag_168": 1856.272216796875, "rolling_mean_24h": 1066.27197265625, "rolling_std_24h": 1246.516357421875, "temp_diff_24h": 417.3937683105469, "wind_power_idx": 1516.5240478515625, "hour_sin": 6808.482421875, "hour_cos": 2648.99169921875, "day_sin": 1118.7857666015625, "day_cos": 1307.579345703125}