{"temperature_2m": 501.946533203125, "relative_humidity_2m": 590.2610473632812, "precipitation": 259.4285583496094, "rain": 231.5309600830078, "snowfall": 171.6141815185547, "cloud_cover": 356.9473876953125, "wind_speed_10m": 1073.941162109375, "wind_direction_10m": 295.1851501464844, "pressure_msl": 352.9571533203125, "hour": 2313.9677734375, "day_of_week": 1599.968994140625, "is_holiday": 1047.461181640625, "hour_sin": 3002.534912109375, "hour_cos": 1196.52001953125, "price_lag_1": 41500.70703125, "price_lag_2": 6370.46826171875, "price_lag_24": 4585.79296875, "price_lag_48": 485.98431396484375, "price_lag_168": 1362.77392578125}