{"temperature_2m": 1797.50439453125, "relative_humidity_2m": 1493.8946533203125, "precipitation": 1020.36572265625, "rain": 793.8118896484375, "snowfall": 550.4386596679688, "cloud_cover": 979.8167724609375, "wind_speed_10m": 3297.96826171875, "wind_direction_10m": 1132.048583984375, "pressure_msl": 1173.86962890625, "month": 3537.19970703125, "is_holiday": 1207.1168212890625, "is_weekend": 6047.93896484375, "price_lag_1": 113316.4453125, "price_lag_2": 22452.400390625, "price_lag_24": 21271.212890625, "price_lag_48": 2216.31640625, "price_lag_168": 8649.6044921875, "rolling_mean_24h": 2684.193115234375, "rolling_std_24h": 2410.15673828125, "temp_diff_24h": 1049.025146484375, "wind_power_idx": 7225.34228515625, "hour_sin": 14937.7138671875, "hour_cos": 8764.2001953125, "day_sin": 3282.449462890625, "day_cos": 2822.037353515625}