{"temperature_2m": 409.6247863769531, "relative_humidity_2m": 351.1838684082031, "precipitation": 250.9006805419922, "rain": 206.9418182373047, "snowfall": 245.65768432617188, "cloud_cover": 262.7604675292969, "wind_speed_10m": 633.5963745117188, "wind_direction_10m": 304.4122314453125, "pressure_msl": 312.78411865234375, "month": 1114.776611328125, "is_holiday": 470.8021240234375, "is_weekend": 1945.49755859375, "price_lag_1": 40093.02734375, "price_lag_2": 6880.40283203125, "price_lag_24": 2433.571533203125, "price_lag_48": 541.5897827148438, "price_lag_168": 1140.76318359375, "rolling_mean_24h": 672.3850708007812, "rolling_std_24h": 739.9525756835938, "temp_diff_24h": 280.41168212890625, "wind_power_idx": 988.8704223632812, "hour_sin": 5212.4453125, "hour_cos": 1882.225341796875, "day_sin": 734.6458740234375, "day_cos": 930.8892822265625}