{"temperature_2m": 2029.3470458984375, "relative_humidity_2m": 1685.4193115234375, "precipitation": 701.9506225585938, "rain": 750.8025512695312, "snowfall": 458.8274841308594, "cloud_cover": 844.4022827148438, "wind_speed_10m": 3145.028076171875, "wind_direction_10m": 857.6853637695312, "pressure_msl": 1026.447265625, "month": 2762.746337890625, "is_holiday": 937.3783569335938, "is_weekend": 3556.5107421875, "price_lag_1": 94415.7109375, "price_lag_2": 20950.337890625, "price_lag_24": 14530.326171875, "price_lag_48": 2065.51708984375, "price_lag_168": 7876.638671875, "rolling_mean_24h": 3819.068603515625, "rolling_std_24h": 2674.62646484375, "temp_diff_24h": 840.2120361328125, "wind_power_idx": 4210.2548828125, "hour_sin": 10619.8955078125, "hour_cos": 6500.72412109375, "day_sin": 2558.365478515625, "day_cos": 2534.928466796875}