{"temperature_2m": 1353.8079833984375, "relative_humidity_2m": 944.0980224609375, "precipitation": 563.3873901367188, "rain": 530.414306640625, "snowfall": 397.537841796875, "cloud_cover": 715.88671875, "wind_speed_10m": 1834.364013671875, "wind_direction_10m": 720.5231323242188, "pressure_msl": 726.146484375, "month": 2019.9730224609375, "is_holiday": 753.4230346679688, "is_weekend": 2964.69873046875, "price_lag_1": 81030.78125, "price_lag_2": 15021.2314453125, "price_lag_24": 7930.111328125, "price_lag_48": 1696.6788330078125, "price_lag_168": 3800.3623046875, "rolling_mean_24h": 1700.8734130859375, "rolling_std_24h": 2029.8438720703125, "temp_diff_24h": 691.9939575195312, "wind_power_idx": 2375.335205078125, "hour_sin": 8240.4560546875, "hour_cos": 4411.69580078125, "day_sin": 1783.104248046875, "day_cos": 2275.03857421875}