{"temperature_2m": 1290.8681640625, "relative_humidity_2m": 2329.6884765625, "precipitation": 454.61480712890625, "rain": 456.9118347167969, "snowfall": 231.7989501953125, "cloud_cover": 855.239013671875, "wind_speed_10m": 4613.76220703125, "wind_direction_10m": 538.8756713867188, "pressure_msl": 897.2506103515625, "hour": 6040.4853515625, "day_of_week": 4158.4658203125, "is_holiday": 1392.4984130859375, "hour_sin": 9686.9208984375, "hour_cos": 3714.662109375, "price_lag_1": 106487.59375, "price_lag_2": 24676.94921875, "price_lag_24": 31039.58203125, "price_lag_48": 1460.98779296875, "price_lag_168": 8780.5263671875}