{"temperature_2m": 350.8127746582031, "relative_humidity_2m": 262.5708312988281, "precipitation": 186.87969970703125, "rain": 186.95973205566406, "snowfall": 173.5806121826172, "cloud_cover": 218.5147705078125, "wind_speed_10m": 472.6544494628906, "wind_direction_10m": 259.6426696777344, "pressure_msl": 251.2117919921875, "month": 778.5996704101562, "is_holiday": 412.2886047363281, "is_weekend": 1337.126220703125, "price_lag_1": 30221.423828125, "price_lag_2": 4096.205078125, "price_lag_24": 1586.4974365234375, "price_lag_48": 357.3939514160156, "price_lag_168": 771.5413208007812, "rolling_mean_24h": 510.2459411621094, "rolling_std_24h": 639.110107421875, "temp_diff_24h": 237.911376953125, "wind_power_idx": 630.1420288085938, "hour_sin": 4180.712890625, "hour_cos": 1393.0933837890625, "day_sin": 605.1848754882812, "day_cos": 703.1302490234375}