{"temperature_2m": 644.443359375, "relative_humidity_2m": 735.4243774414062, "precipitation": 323.2002258300781, "rain": 263.3040466308594, "snowfall": 269.954345703125, "cloud_cover": 306.139892578125, "wind_speed_10m": 870.2752075195312, "wind_direction_10m": 371.7055358886719, "pressure_msl": 391.35711669921875, "month": 1323.36328125, "is_holiday": 563.3460083007812, "is_weekend": 2781.657958984375, "price_lag_1": 39690.2265625, "price_lag_2": 11684.2275390625, "price_lag_24": 4682.71728515625, "price_lag_48": 594.9570922851562, "price_lag_168": 2527.53662109375, "rolling_mean_24h": 1427.7969970703125, "rolling_std_24h": 937.4223022460938, "temp_diff_24h": 349.92327880859375, "wind_power_idx": 1262.838623046875, "hour_sin": 6157.75537109375, "hour_cos": 3413.9169921875, "day_sin": 859.177978515625, "day_cos": 1101.1138916015625}