{"temperature_2m": 631.9907836914062, "relative_humidity_2m": 767.8060913085938, "precipitation": 300.4975891113281, "rain": 234.15887451171875, "snowfall": 195.73069763183594, "cloud_cover": 424.26495361328125, "wind_speed_10m": 1567.58447265625, "wind_direction_10m": 345.9409484863281, "pressure_msl": 430.0077819824219, "hour": 2706.471435546875, "day_of_week": 1852.863525390625, "is_holiday": 1097.693115234375, "hour_sin": 3807.22705078125, "hour_cos": 1425.59033203125, "price_lag_1": 55369.76171875, "price_lag_2": 8737.2919921875, "price_lag_24": 7152.46240234375, "price_lag_48": 625.3611450195312, "price_lag_168": 1982.3143310546875}