{"temperature_2m": 1204.4462890625, "relative_humidity_2m": 913.3767700195312, "precipitation": 545.6113891601562, "rain": 341.16082763671875, "snowfall": 335.0087585449219, "cloud_cover": 551.3348388671875, "wind_speed_10m": 1844.0828857421875, "wind_direction_10m": 631.3524169921875, "pressure_msl": 648.7344970703125, "month": 1990.3243408203125, "is_holiday": 756.0528564453125, "is_weekend": 2892.257080078125, "price_lag_1": 86472.65625, "price_lag_2": 12886.765625, "price_lag_24": 6547.9130859375, "price_lag_48": 984.1170654296875, "price_lag_168": 3501.06298828125, "rolling_mean_24h": 1344.434326171875, "rolling_std_24h": 1323.9720458984375, "temp_diff_24h": 598.90087890625, "wind_power_idx": 2005.605224609375, "hour_sin": 8783.8046875, "hour_cos": 3720.432373046875, "day_sin": 1055.2303466796875, "day_cos": 2117.121337890625}