{"temperature_2m": 2378.533447265625, "relative_humidity_2m": 1572.050537109375, "precipitation": 838.0970458984375, "rain": 827.6383666992188, "snowfall": 577.5545654296875, "cloud_cover": 1125.116455078125, "wind_speed_10m": 3287.275390625, "wind_direction_10m": 1040.134765625, "pressure_msl": 1084.5911865234375, "month": 3391.52734375, "is_holiday": 1066.232666015625, "is_weekend": 4039.528076171875, "price_lag_1": 127173.3515625, "price_lag_2": 20843.7578125, "price_lag_24": 17168.013671875, "price_lag_48": 2031.273193359375, "price_lag_168": 7809.67529296875, "rolling_mean_24h": 2503.8583984375, "rolling_std_24h": 2623.0771484375, "temp_diff_24h": 1041.9404296875, "wind_power_idx": 3840.1796875, "hour_sin": 11627.408203125, "hour_cos": 6496.1240234375, "day_sin": 2423.97119140625, "day_cos": 2999.356689453125}