{"temperature_2m": 1681.2789306640625, "relative_humidity_2m": 1866.803466796875, "precipitation": 632.768798828125, "rain": 584.4306030273438, "snowfall": 472.09466552734375, "cloud_cover": 740.218017578125, "wind_speed_10m": 2943.2666015625, "wind_direction_10m": 788.3115234375, "pressure_msl": 877.2555541992188, "month": 2355.71875, "is_holiday": 894.2262573242188, "is_weekend": 4284.89599609375, "price_lag_1": 79808.4375, "price_lag_2": 23201.50390625, "price_lag_24": 13635.8388671875, "price_lag_48": 2030.513671875, "price_lag_168": 7720.19189453125, "rolling_mean_24h": 3369.417724609375, "rolling_std_24h": 2545.621337890625, "temp_diff_24h": 742.3781127929688, "wind_power_idx": 5076.1875, "hour_sin": 10780.830078125, "hour_cos": 6783.33251953125, "day_sin": 2739.90380859375, "day_cos": 2362.974609375}