{"temperature_2m": 850.5706787109375, "relative_humidity_2m": 902.3113403320312, "precipitation": 419.43585205078125, "rain": 341.7754821777344, "snowfall": 285.6253662109375, "cloud_cover": 450.7326354980469, "wind_speed_10m": 1369.78076171875, "wind_direction_10m": 493.5111999511719, "pressure_msl": 523.265380859375, "month": 1712.00146484375, "is_holiday": 627.6190185546875, "is_weekend": 2876.96826171875, "price_lag_1": 60544.4765625, "price_lag_2": 13386.2607421875, "price_lag_24": 6278.06005859375, "price_lag_48": 986.1943359375, "price_lag_168": 2511.924560546875, "rolling_mean_24h": 1368.293212890625, "rolling_std_24h": 1464.673828125, "temp_diff_24h": 433.7923889160156, "wind_power_idx": 2389.852294921875, "hour_sin": 7485.986328125, "hour_cos": 3364.550537109375, "day_sin": 1374.151123046875, "day_cos": 1657.1422119140625}