{"temperature_2m": 2432.48779296875, "relative_humidity_2m": 2099.317626953125, "precipitation": 923.8482055664062, "rain": 797.8199462890625, "snowfall": 597.0431518554688, "cloud_cover": 965.2718505859375, "wind_speed_10m": 3715.05615234375, "wind_direction_10m": 1297.251708984375, "pressure_msl": 1248.1837158203125, "month": 4088.936279296875, "is_holiday": 1255.53466796875, "is_weekend": 6525.32763671875, "price_lag_1": 147651.78125, "price_lag_2": 18143.505859375, "price_lag_24": 22221.8828125, "price_lag_48": 2304.5068359375, "price_lag_168": 10207.322265625, "rolling_mean_24h": 2651.26708984375, "rolling_std_24h": 3028.753173828125, "temp_diff_24h": 1143.1268310546875, "wind_power_idx": 4771.51123046875, "hour_sin": 16239.3955078125, "hour_cos": 9329.1259765625, "day_sin": 3278.558837890625, "day_cos": 2866.771484375}