{"temperature_2m": 202.9908905029297, "relative_humidity_2m": 175.15005493164062, "precipitation": 131.87710571289062, "rain": 105.72924041748047, "snowfall": 139.1444091796875, "cloud_cover": 138.0474395751953, "wind_speed_10m": 299.2716979980469, "wind_direction_10m": 162.51373291015625, "pressure_msl": 164.51145935058594, "month": 615.2010498046875, "is_holiday": 296.316650390625, "is_weekend": 1075.5169677734375, "price_lag_1": 20277.57421875, "price_lag_2": 2484.625244140625, "price_lag_24": 943.1139526367188, "price_lag_48": 229.0925750732422, "price_lag_168": 475.0464172363281, "rolling_mean_24h": 314.289306640625, "rolling_std_24h": 375.3784484863281, "temp_diff_24h": 165.32620239257812, "wind_power_idx": 384.7261962890625, "hour_sin": 2971.260986328125, "hour_cos": 933.3641967773438, "day_sin": 319.13824462890625, "day_cos": 525.8419799804688}