{"temperature_2m": 811.8916625976562, "relative_humidity_2m": 577.2114868164062, "precipitation": 418.204345703125, "rain": 309.7899169921875, "snowfall": 298.29937744140625, "cloud_cover": 474.5624694824219, "wind_speed_10m": 1174.02783203125, "wind_direction_10m": 492.506103515625, "pressure_msl": 508.0703430175781, "month": 1487.234375, "is_holiday": 570.628662109375, "is_weekend": 2400.51318359375, "price_lag_1": 60106.55078125, "price_lag_2": 10532.376953125, "price_lag_24": 4319.74755859375, "price_lag_48": 978.3492431640625, "price_lag_168": 2061.34228515625, "rolling_mean_24h": 1087.7752685546875, "rolling_std_24h": 1275.2152099609375, "temp_diff_24h": 462.8486328125, "wind_power_idx": 1583.5101318359375, "hour_sin": 6734.6982421875, "hour_cos": 2967.213134765625, "day_sin": 1133.6334228515625, "day_cos": 1544.6915283203125}