{"temperature_2m": 441.4220275878906, "relative_humidity_2m": 474.90472412109375, "precipitation": 219.82565307617188, "rain": 224.7224884033203, "snowfall": 203.18345642089844, "cloud_cover": 243.4261932373047, "wind_speed_10m": 673.4456176757812, "wind_direction_10m": 291.78228759765625, "pressure_msl": 296.3113708496094, "month": 973.5234985351562, "is_holiday": 464.5291748046875, "is_weekend": 1775.6962890625, "price_lag_1": 32035.4140625, "price_lag_2": 6687.78955078125, "price_lag_24": 3130.747314453125, "price_lag_48": 432.6184997558594, "price_lag_168": 1396.484130859375, "rolling_mean_24h": 986.1303100585938, "rolling_std_24h": 760.4332275390625, "temp_diff_24h": 251.1910400390625, "wind_power_idx": 757.0549926757812, "hour_sin": 4727.74658203125, "hour_cos": 2433.497314453125, "day_sin": 601.6397705078125, "day_cos": 856.0221557617188}