{"temperature_2m": 737.9161376953125, "relative_humidity_2m": 1107.6065673828125, "precipitation": 290.8937072753906, "rain": 259.0254821777344, "snowfall": 188.69412231445312, "cloud_cover": 458.4026794433594, "wind_speed_10m": 2197.21630859375, "wind_direction_10m": 360.28546142578125, "pressure_msl": 458.4873046875, "hour": 3017.036376953125, "day_of_week": 2321.94873046875, "is_holiday": 1556.532470703125, "hour_sin": 4688.35009765625, "hour_cos": 1777.974365234375, "price_lag_1": 51896.48828125, "price_lag_2": 12379.720703125, "price_lag_24": 9340.8505859375, "price_lag_48": 859.947509765625, "price_lag_168": 3535.515625}