{"temperature_2m": 617.0015258789062, "relative_humidity_2m": 489.8741760253906, "precipitation": 324.609619140625, "rain": 282.7489318847656, "snowfall": 236.5092010498047, "cloud_cover": 361.58612060546875, "wind_speed_10m": 875.0247192382812, "wind_direction_10m": 417.77154541015625, "pressure_msl": 417.7538146972656, "month": 1316.7645263671875, "is_holiday": 609.6515502929688, "is_weekend": 2060.36328125, "price_lag_1": 50696.4921875, "price_lag_2": 6903.06591796875, "price_lag_24": 3163.970947265625, "price_lag_48": 577.6157836914062, "price_lag_168": 1710.8504638671875, "rolling_mean_24h": 763.6922607421875, "rolling_std_24h": 899.4320068359375, "temp_diff_24h": 397.43890380859375, "wind_power_idx": 1156.2801513671875, "hour_sin": 6174.78466796875, "hour_cos": 2180.57861328125, "day_sin": 687.749267578125, "day_cos": 1182.06591796875}