{"temperature_2m": 1059.4554443359375, "relative_humidity_2m": 1268.9429931640625, "precipitation": 463.33929443359375, "rain": 403.7403564453125, "snowfall": 271.4177551269531, "cloud_cover": 482.0951843261719, "wind_speed_10m": 1577.7999267578125, "wind_direction_10m": 505.4256591796875, "pressure_msl": 515.7852783203125, "month": 1829.960693359375, "is_holiday": 701.5858764648438, "is_weekend": 2710.462890625, "price_lag_1": 66600.4765625, "price_lag_2": 13960.451171875, "price_lag_24": 7398.50732421875, "price_lag_48": 1067.71435546875, "price_lag_168": 3588.55419921875, "rolling_mean_24h": 1642.366455078125, "rolling_std_24h": 1224.109130859375, "temp_diff_24h": 476.4754943847656, "wind_power_idx": 1803.8421630859375, "hour_sin": 8288.6279296875, "hour_cos": 4100.951171875, "day_sin": 1189.2060546875, "day_cos": 1882.8345947265625}