{"temperature_2m": 836.4999389648438, "relative_humidity_2m": 767.0914916992188, "precipitation": 406.5452880859375, "rain": 333.540771484375, "snowfall": 330.92364501953125, "cloud_cover": 443.8749084472656, "wind_speed_10m": 1077.7020263671875, "wind_direction_10m": 486.5043029785156, "pressure_msl": 503.2575988769531, "month": 1664.85888671875, "is_holiday": 680.8726806640625, "is_weekend": 2492.953125, "price_lag_1": 55785.421875, "price_lag_2": 11967.72265625, "price_lag_24": 5785.57763671875, "price_lag_48": 741.218017578125, "price_lag_168": 2284.564697265625, "rolling_mean_24h": 1275.09765625, "rolling_std_24h": 997.9879150390625, "temp_diff_24h": 437.5697937011719, "wind_power_idx": 2304.342529296875, "hour_sin": 6825.21728515625, "hour_cos": 3413.522705078125, "day_sin": 904.408447265625, "day_cos": 1368.4190673828125}