{"temperature_2m": 401.55352783203125, "relative_humidity_2m": 274.3641357421875, "precipitation": 220.43482971191406, "rain": 143.78855895996094, "snowfall": 157.58143615722656, "cloud_cover": 239.02847290039062, "wind_speed_10m": 650.9423217773438, "wind_direction_10m": 276.5625915527344, "pressure_msl": 265.4892883300781, "month": 1110.9097900390625, "is_holiday": 428.2086486816406, "is_weekend": 1810.1766357421875, "price_lag_1": 36229.515625, "price_lag_2": 4499.6923828125, "price_lag_24": 1952.6395263671875, "price_lag_48": 350.4831237792969, "price_lag_168": 849.0003662109375, "rolling_mean_24h": 526.9364624023438, "rolling_std_24h": 698.2630004882812, "temp_diff_24h": 234.49693298339844, "wind_power_idx": 567.5262451171875, "hour_sin": 5043.5263671875, "hour_cos": 1483.0311279296875, "day_sin": 577.5631103515625, "day_cos": 917.0346069335938}