{"temperature_2m": 620.0040283203125, "relative_humidity_2m": 683.29345703125, "precipitation": 256.70458984375, "rain": 252.9696044921875, "snowfall": 205.62669372558594, "cloud_cover": 428.15338134765625, "wind_speed_10m": 1054.72314453125, "wind_direction_10m": 336.083251953125, "pressure_msl": 395.76873779296875, "hour": 2472.990234375, "day_of_week": 1309.8726806640625, "is_holiday": 898.955810546875, "hour_sin": 3719.458984375, "hour_cos": 1344.9468994140625, "price_lag_1": 56003.890625, "price_lag_2": 7430.72021484375, "price_lag_24": 4335.6728515625, "price_lag_48": 567.1298217773438, "price_lag_168": 1632.744140625}