{"temperature_2m": 3341.71435546875, "relative_humidity_2m": 2196.26171875, "precipitation": 1136.0916748046875, "rain": 900.197265625, "snowfall": 784.10400390625, "cloud_cover": 1606.517822265625, "wind_speed_10m": 5231.35791015625, "wind_direction_10m": 1523.5340576171875, "pressure_msl": 1471.1082763671875, "month": 5337.67431640625, "is_holiday": 1387.978271484375, "is_weekend": 8408.498046875, "price_lag_1": 176474.765625, "price_lag_2": 34603.53515625, "price_lag_24": 39797.95703125, "price_lag_48": 3953.282470703125, "price_lag_168": 16193.134765625, "rolling_mean_24h": 4564.470703125, "rolling_std_24h": 4011.9873046875, "temp_diff_24h": 1415.0484619140625, "wind_power_idx": 10690.7099609375, "hour_sin": 20298.201171875, "hour_cos": 14032.921875, "day_sin": 5958.34765625, "day_cos": 3069.068359375}