{"temperature_2m": 1785.05126953125, "relative_humidity_2m": 1551.019775390625, "precipitation": 940.5286254882812, "rain": 630.885009765625, "snowfall": 340.65252685546875, "cloud_cover": 691.849609375, "wind_speed_10m": 3134.180419921875, "wind_direction_10m": 945.875244140625, "pressure_msl": 982.61279296875, "month": 3467.624267578125, "is_holiday": 1068.890380859375, "is_weekend": 5695.294921875, "price_lag_1": 126033.9609375, "price_lag_2": 17117.185546875, "price_lag_24": 16397.244140625, "price_lag_48": 1876.9337158203125, "price_lag_168": 8247.6552734375, "rolling_mean_24h": 1953.159912109375, "rolling_std_24h": 2026.8092041015625, "temp_diff_24h": 859.8997192382812, "wind_power_idx": 3469.822509765625, "hour_sin": 15876.515625, "hour_cos": 7156.341796875, "day_sin": 3017.92236328125, "day_cos": 2289.87841796875}