{"temperature_2m": 536.55615234375, "relative_humidity_2m": 640.0902709960938, "precipitation": 220.18637084960938, "rain": 233.66358947753906, "snowfall": 188.54168701171875, "cloud_cover": 340.41644287109375, "wind_speed_10m": 1314.1754150390625, "wind_direction_10m": 300.0533142089844, "pressure_msl": 364.7658386230469, "hour": 2275.652587890625, "day_of_week": 1595.8021240234375, "is_holiday": 1223.103271484375, "hour_sin": 3914.273681640625, "hour_cos": 1470.9793701171875, "price_lag_1": 41851.1875, "price_lag_2": 9071.044921875, "price_lag_24": 5457.42578125, "price_lag_48": 535.1559448242188, "price_lag_168": 1910.5369873046875}