{"temperature_2m": 1436.0447998046875, "relative_humidity_2m": 956.1832885742188, "precipitation": 570.691650390625, "rain": 569.5089111328125, "snowfall": 437.3367614746094, "cloud_cover": 742.9915771484375, "wind_speed_10m": 1867.449462890625, "wind_direction_10m": 738.4659423828125, "pressure_msl": 765.9641723632812, "month": 2053.26953125, "is_holiday": 781.8985595703125, "is_weekend": 2986.557861328125, "price_lag_1": 80547.328125, "price_lag_2": 14918.6669921875, "price_lag_24": 8344.2265625, "price_lag_48": 1497.3330078125, "price_lag_168": 3724.47314453125, "rolling_mean_24h": 1818.0517578125, "rolling_std_24h": 2206.2333984375, "temp_diff_24h": 696.1381225585938, "wind_power_idx": 2514.140380859375, "hour_sin": 8579.1923828125, "hour_cos": 4416.4072265625, "day_sin": 1778.7125244140625, "day_cos": 2052.301513671875}