{"temperature_2m": 168.129150390625, "relative_humidity_2m": 153.14601135253906, "precipitation": 100.23741912841797, "rain": 123.58550262451172, "snowfall": 130.0203857421875, "cloud_cover": 117.42440795898438, "wind_speed_10m": 270.26507568359375, "wind_direction_10m": 135.16439819335938, "pressure_msl": 142.92413330078125, "month": 541.345458984375, "is_holiday": 323.0208435058594, "is_weekend": 1108.490966796875, "price_lag_1": 18353.283203125, "price_lag_2": 2111.26220703125, "price_lag_24": 899.2698364257812, "price_lag_48": 172.98114013671875, "price_lag_168": 387.1594543457031, "rolling_mean_24h": 287.4603271484375, "rolling_std_24h": 337.4422607421875, "temp_diff_24h": 132.4725799560547, "wind_power_idx": 309.17626953125, "hour_sin": 2914.197021484375, "hour_cos": 799.9951171875, "day_sin": 309.198974609375, "day_cos": 391.05914306640625}