{"temperature_2m": 1980.9964599609375, "relative_humidity_2m": 1829.5064697265625, "precipitation": 972.4347534179688, "rain": 818.6038818359375, "snowfall": 538.7110595703125, "cloud_cover": 908.967529296875, "wind_speed_10m": 4259.15380859375, "wind_direction_10m": 1088.492919921875, "pressure_msl": 1183.611328125, "month": 3333.278564453125, "is_holiday": 1195.035888671875, "is_weekend": 6878.26318359375, "price_lag_1": 120136.0390625, "price_lag_2": 22659.462890625, "price_lag_24": 24616.17578125, "price_lag_48": 2644.562255859375, "price_lag_168": 11963.9521484375, "rolling_mean_24h": 4389.9248046875, "rolling_std_24h": 3077.11767578125, "temp_diff_24h": 1052.5162353515625, "wind_power_idx": 4303.72607421875, "hour_sin": 15055.77734375, "hour_cos": 10795.88671875, "day_sin": 4420.65771484375, "day_cos": 2704.404296875}