{"temperature_2m": 1946.73583984375, "relative_humidity_2m": 1699.835205078125, "precipitation": 594.5543212890625, "rain": 616.0996704101562, "snowfall": 486.020751953125, "cloud_cover": 851.2274780273438, "wind_speed_10m": 2876.7529296875, "wind_direction_10m": 856.9274291992188, "pressure_msl": 912.3164672851562, "month": 2732.78564453125, "is_holiday": 1004.0972900390625, "is_weekend": 3907.9580078125, "price_lag_1": 98795.359375, "price_lag_2": 21759.55859375, "price_lag_24": 16212.544921875, "price_lag_48": 2163.3896484375, "price_lag_168": 6607.3330078125, "rolling_mean_24h": 2954.9072265625, "rolling_std_24h": 2637.49169921875, "temp_diff_24h": 807.7872314453125, "wind_power_idx": 4633.5947265625, "hour_sin": 11424.982421875, "hour_cos": 6025.66552734375, "day_sin": 2220.80908203125, "day_cos": 2594.583740234375}