{"temperature_2m": 1361.6639404296875, "relative_humidity_2m": 1726.0281982421875, "precipitation": 606.1713256835938, "rain": 521.2803344726562, "snowfall": 422.7018127441406, "cloud_cover": 595.5413818359375, "wind_speed_10m": 2501.8896484375, "wind_direction_10m": 650.1792602539062, "pressure_msl": 805.667724609375, "month": 2311.6494140625, "is_holiday": 762.412109375, "is_weekend": 3949.597412109375, "price_lag_1": 70746.2109375, "price_lag_2": 20949.0234375, "price_lag_24": 12028.3916015625, "price_lag_48": 1966.9368896484375, "price_lag_168": 6131.548828125, "rolling_mean_24h": 2536.612548828125, "rolling_std_24h": 2307.757568359375, "temp_diff_24h": 692.0101928710938, "wind_power_idx": 3394.917236328125, "hour_sin": 8866.5048828125, "hour_cos": 5688.2265625, "day_sin": 2369.3203125, "day_cos": 2216.868408203125}