{"temperature_2m": 890.37744140625, "relative_humidity_2m": 766.9993896484375, "precipitation": 523.4779663085938, "rain": 480.02093505859375, "snowfall": 401.8658752441406, "cloud_cover": 546.670166015625, "wind_speed_10m": 1382.1448974609375, "wind_direction_10m": 596.5770874023438, "pressure_msl": 638.7074584960938, "month": 2355.514892578125, "is_holiday": 996.5952758789062, "is_weekend": 4393.2236328125, "price_lag_1": 64440.73828125, "price_lag_2": 11410.763671875, "price_lag_24": 8794.462890625, "price_lag_48": 907.2877807617188, "price_lag_168": 4309.5341796875, "rolling_mean_24h": 1662.776123046875, "rolling_std_24h": 1080.62939453125, "temp_diff_24h": 546.8812255859375, "wind_power_idx": 3920.766845703125, "hour_sin": 9519.1953125, "hour_cos": 4808.3623046875, "day_sin": 1593.3636474609375, "day_cos": 1780.1612548828125}