{"temperature_2m": 1671.90087890625, "relative_humidity_2m": 1153.1695556640625, "precipitation": 752.0289306640625, "rain": 622.92333984375, "snowfall": 505.4446105957031, "cloud_cover": 750.0313720703125, "wind_speed_10m": 2296.36083984375, "wind_direction_10m": 790.8209838867188, "pressure_msl": 784.4569702148438, "month": 2327.399169921875, "is_holiday": 915.2715454101562, "is_weekend": 3228.99560546875, "price_lag_1": 101337.9375, "price_lag_2": 14774.4921875, "price_lag_24": 10144.66015625, "price_lag_48": 1420.6282958984375, "price_lag_168": 5055.20556640625, "rolling_mean_24h": 1659.05908203125, "rolling_std_24h": 1871.4013671875, "temp_diff_24h": 777.7566528320312, "wind_power_idx": 2804.10888671875, "hour_sin": 10049.7431640625, "hour_cos": 4363.24267578125, "day_sin": 1618.4970703125, "day_cos": 2334.4560546875}