{"temperature_2m": 909.2030029296875, "relative_humidity_2m": 646.2753295898438, "precipitation": 379.5843811035156, "rain": 337.5966491699219, "snowfall": 266.5516662597656, "cloud_cover": 531.8753051757812, "wind_speed_10m": 1318.6810302734375, "wind_direction_10m": 561.2869262695312, "pressure_msl": 514.1495971679688, "month": 1585.3880615234375, "is_holiday": 576.8617553710938, "is_weekend": 2503.932373046875, "price_lag_1": 70530.5078125, "price_lag_2": 9802.7529296875, "price_lag_24": 4557.9755859375, "price_lag_48": 770.2027587890625, "price_lag_168": 2328.675048828125, "rolling_mean_24h": 1243.9683837890625, "rolling_std_24h": 1464.3626708984375, "temp_diff_24h": 452.75360107421875, "wind_power_idx": 1446.739990234375, "hour_sin": 7605.59033203125, "hour_cos": 2991.691650390625, "day_sin": 1211.1158447265625, "day_cos": 1547.321533203125}