{"temperature_2m": 1531.17578125, "relative_humidity_2m": 2007.3507080078125, "precipitation": 627.0202026367188, "rain": 508.2424011230469, "snowfall": 440.9621276855469, "cloud_cover": 704.4847412109375, "wind_speed_10m": 3408.969970703125, "wind_direction_10m": 779.3230590820312, "pressure_msl": 852.719482421875, "month": 2409.1875, "is_holiday": 961.049072265625, "is_weekend": 4801.517578125, "price_lag_1": 90954.3515625, "price_lag_2": 24992.14453125, "price_lag_24": 14875.357421875, "price_lag_48": 2024.748779296875, "price_lag_168": 7522.9794921875, "rolling_mean_24h": 3456.280029296875, "rolling_std_24h": 2702.020751953125, "temp_diff_24h": 690.9154663085938, "wind_power_idx": 4448.5400390625, "hour_sin": 11694.365234375, "hour_cos": 6551.0556640625, "day_sin": 2518.487060546875, "day_cos": 2522.3544921875}