{"temperature_2m": 1871.051025390625, "relative_humidity_2m": 1484.7152099609375, "precipitation": 887.7168579101562, "rain": 807.3818969726562, "snowfall": 517.989990234375, "cloud_cover": 867.1672973632812, "wind_speed_10m": 3276.19970703125, "wind_direction_10m": 1047.3450927734375, "pressure_msl": 1119.0076904296875, "month": 3051.652587890625, "is_holiday": 1166.751953125, "is_weekend": 5388.95263671875, "price_lag_1": 100593.0078125, "price_lag_2": 19318.3828125, "price_lag_24": 16499.064453125, "price_lag_48": 1874.8519287109375, "price_lag_168": 7512.61376953125, "rolling_mean_24h": 2302.81982421875, "rolling_std_24h": 2084.3359375, "temp_diff_24h": 892.1735229492188, "wind_power_idx": 5224.64501953125, "hour_sin": 13306.25, "hour_cos": 7480.24560546875, "day_sin": 2968.18896484375, "day_cos": 2358.815673828125}