{"temperature_2m": 921.2843627929688, "relative_humidity_2m": 669.1065063476562, "precipitation": 423.4927673339844, "rain": 336.3782043457031, "snowfall": 274.3163146972656, "cloud_cover": 431.0167236328125, "wind_speed_10m": 1394.3294677734375, "wind_direction_10m": 504.718505859375, "pressure_msl": 493.6820068359375, "month": 1523.4603271484375, "is_holiday": 713.8073120117188, "is_weekend": 2413.28466796875, "price_lag_1": 58237.86328125, "price_lag_2": 12156.5615234375, "price_lag_24": 5669.5380859375, "price_lag_48": 893.4390258789062, "price_lag_168": 3211.675048828125, "rolling_mean_24h": 1648.7613525390625, "rolling_std_24h": 1237.1527099609375, "temp_diff_24h": 413.1346130371094, "wind_power_idx": 1678.515625, "hour_sin": 7457.1318359375, "hour_cos": 3695.653076171875, "day_sin": 1124.98486328125, "day_cos": 1485.5018310546875}