{"temperature_2m": 1639.1910400390625, "relative_humidity_2m": 1024.0750732421875, "precipitation": 659.4666748046875, "rain": 575.5033569335938, "snowfall": 432.29388427734375, "cloud_cover": 736.0023193359375, "wind_speed_10m": 2341.634765625, "wind_direction_10m": 756.6240844726562, "pressure_msl": 846.6663818359375, "month": 2424.154296875, "is_holiday": 877.1103515625, "is_weekend": 3324.634033203125, "price_lag_1": 96817.7578125, "price_lag_2": 17157.91015625, "price_lag_24": 10094.673828125, "price_lag_48": 1602.7734375, "price_lag_168": 5222.52392578125, "rolling_mean_24h": 1774.7958984375, "rolling_std_24h": 1752.074462890625, "temp_diff_24h": 751.1535034179688, "wind_power_idx": 3142.287109375, "hour_sin": 10058.3271484375, "hour_cos": 4911.71728515625, "day_sin": 1799.5460205078125, "day_cos": 2413.264892578125}