{"temperature_2m": 638.9842529296875, "relative_humidity_2m": 765.0534057617188, "precipitation": 271.4744567871094, "rain": 311.5227355957031, "snowfall": 244.65785217285156, "cloud_cover": 353.2030944824219, "wind_speed_10m": 995.9221801757812, "wind_direction_10m": 387.6935119628906, "pressure_msl": 389.0293884277344, "month": 1523.841796875, "is_holiday": 568.4037475585938, "is_weekend": 2447.07861328125, "price_lag_1": 50366.8671875, "price_lag_2": 10472.951171875, "price_lag_24": 5093.759765625, "price_lag_48": 657.45361328125, "price_lag_168": 1973.838134765625, "rolling_mean_24h": 1057.022216796875, "rolling_std_24h": 1111.428466796875, "temp_diff_24h": 333.46026611328125, "wind_power_idx": 1878.9578857421875, "hour_sin": 6713.7705078125, "hour_cos": 2906.260986328125, "day_sin": 988.8006591796875, "day_cos": 1359.5621337890625}