{"temperature_2m": 2135.0478515625, "relative_humidity_2m": 1924.7813720703125, "precipitation": 739.5016479492188, "rain": 722.181396484375, "snowfall": 473.4579162597656, "cloud_cover": 845.5940551757812, "wind_speed_10m": 3153.414794921875, "wind_direction_10m": 835.13818359375, "pressure_msl": 1037.345458984375, "month": 2587.9794921875, "is_holiday": 963.4367065429688, "is_weekend": 3704.161865234375, "price_lag_1": 94295.9140625, "price_lag_2": 21224.396484375, "price_lag_24": 15495.3603515625, "price_lag_48": 2387.0537109375, "price_lag_168": 8205.1494140625, "rolling_mean_24h": 3969.474609375, "rolling_std_24h": 2603.47705078125, "temp_diff_24h": 890.9557495117188, "wind_power_idx": 4331.49755859375, "hour_sin": 10534.6865234375, "hour_cos": 6861.38134765625, "day_sin": 2809.734619140625, "day_cos": 2642.770751953125}