{"temperature_2m": 840.2201538085938, "relative_humidity_2m": 901.1808471679688, "precipitation": 364.0115966796875, "rain": 313.1943359375, "snowfall": 254.98260498046875, "cloud_cover": 421.3711853027344, "wind_speed_10m": 1132.03369140625, "wind_direction_10m": 461.7532958984375, "pressure_msl": 471.4489440917969, "month": 1616.8558349609375, "is_holiday": 629.0819091796875, "is_weekend": 2585.46044921875, "price_lag_1": 55970.40234375, "price_lag_2": 12558.0966796875, "price_lag_24": 5760.53125, "price_lag_48": 826.2896118164062, "price_lag_168": 2420.451904296875, "rolling_mean_24h": 1294.8927001953125, "rolling_std_24h": 1409.1844482421875, "temp_diff_24h": 431.9291687011719, "wind_power_idx": 2380.62353515625, "hour_sin": 7193.3857421875, "hour_cos": 3256.6796875, "day_sin": 1178.83984375, "day_cos": 1509.5072021484375}