{"temperature_2m": 1500.4486083984375, "relative_humidity_2m": 1075.242919921875, "precipitation": 544.285400390625, "rain": 459.2108459472656, "snowfall": 333.3948974609375, "cloud_cover": 714.4669189453125, "wind_speed_10m": 2298.857421875, "wind_direction_10m": 755.789306640625, "pressure_msl": 769.207763671875, "month": 2424.2041015625, "is_holiday": 809.8294677734375, "is_weekend": 3586.165771484375, "price_lag_1": 106226.8046875, "price_lag_2": 17963.33203125, "price_lag_24": 10821.6396484375, "price_lag_48": 1517.142333984375, "price_lag_168": 5127.95458984375, "rolling_mean_24h": 1878.380859375, "rolling_std_24h": 2124.542724609375, "temp_diff_24h": 627.3696899414062, "wind_power_idx": 2896.060302734375, "hour_sin": 11435.796875, "hour_cos": 4722.4619140625, "day_sin": 1597.3046875, "day_cos": 2368.9052734375}