{"temperature_2m": 1199.055908203125, "relative_humidity_2m": 1077.3839111328125, "precipitation": 467.6486511230469, "rain": 404.6564636230469, "snowfall": 277.9112548828125, "cloud_cover": 534.9781494140625, "wind_speed_10m": 1794.288330078125, "wind_direction_10m": 570.714111328125, "pressure_msl": 594.5140380859375, "month": 1752.4534912109375, "is_holiday": 750.8089599609375, "is_weekend": 2898.22998046875, "price_lag_1": 69433.8515625, "price_lag_2": 14310.126953125, "price_lag_24": 8227.8974609375, "price_lag_48": 1168.0584716796875, "price_lag_168": 4418.41015625, "rolling_mean_24h": 2208.6044921875, "rolling_std_24h": 1522.83251953125, "temp_diff_24h": 517.99560546875, "wind_power_idx": 2096.46435546875, "hour_sin": 8573.2138671875, "hour_cos": 4368.0146484375, "day_sin": 1541.0654296875, "day_cos": 1811.662109375}