{"temperature_2m": 3379.8203125, "relative_humidity_2m": 2600.562744140625, "precipitation": 1141.2686767578125, "rain": 858.7949829101562, "snowfall": 810.7063598632812, "cloud_cover": 1843.901123046875, "wind_speed_10m": 5591.7685546875, "wind_direction_10m": 1460.3349609375, "pressure_msl": 1647.59228515625, "month": 5167.97607421875, "is_holiday": 1381.10107421875, "is_weekend": 8353.3857421875, "price_lag_1": 171498.78125, "price_lag_2": 34939.7578125, "price_lag_24": 42802.3046875, "price_lag_48": 3469.964599609375, "price_lag_168": 16452.078125, "rolling_mean_24h": 4573.8173828125, "rolling_std_24h": 4646.83056640625, "temp_diff_24h": 1408.2457275390625, "wind_power_idx": 9971.658203125, "hour_sin": 20871.095703125, "hour_cos": 14244.4384765625, "day_sin": 5122.21630859375, "day_cos": 2936.018310546875}