{"temperature_2m": 830.29345703125, "relative_humidity_2m": 602.60302734375, "precipitation": 377.4322509765625, "rain": 348.56280517578125, "snowfall": 264.5872497558594, "cloud_cover": 413.2410583496094, "wind_speed_10m": 1314.7352294921875, "wind_direction_10m": 433.2489013671875, "pressure_msl": 474.60150146484375, "month": 1404.345703125, "is_holiday": 592.8099365234375, "is_weekend": 2618.461181640625, "price_lag_1": 54770.78125, "price_lag_2": 11082.2109375, "price_lag_24": 5869.490234375, "price_lag_48": 680.0185546875, "price_lag_168": 2918.176513671875, "rolling_mean_24h": 1649.8388671875, "rolling_std_24h": 1207.8585205078125, "temp_diff_24h": 400.4947509765625, "wind_power_idx": 1412.1912841796875, "hour_sin": 7134.68017578125, "hour_cos": 3792.08837890625, "day_sin": 1122.1531982421875, "day_cos": 1386.884521484375}