{"temperature_2m": 733.5187377929688, "relative_humidity_2m": 967.1868896484375, "precipitation": 344.46588134765625, "rain": 361.7889099121094, "snowfall": 248.6616668701172, "cloud_cover": 358.20794677734375, "wind_speed_10m": 1376.9417724609375, "wind_direction_10m": 452.1806945800781, "pressure_msl": 467.4942626953125, "month": 1454.9649658203125, "is_holiday": 660.1318969726562, "is_weekend": 3063.1796875, "price_lag_1": 54352.7109375, "price_lag_2": 15656.580078125, "price_lag_24": 6229.779296875, "price_lag_48": 822.438232421875, "price_lag_168": 3332.281982421875, "rolling_mean_24h": 1720.93603515625, "rolling_std_24h": 1094.6932373046875, "temp_diff_24h": 393.2768249511719, "wind_power_idx": 1525.3966064453125, "hour_sin": 7690.77294921875, "hour_cos": 4068.90185546875, "day_sin": 1034.9630126953125, "day_cos": 1325.94091796875}