{"temperature_2m": 1883.0611572265625, "relative_humidity_2m": 1646.11962890625, "precipitation": 945.2005004882812, "rain": 754.1968994140625, "snowfall": 421.3576354980469, "cloud_cover": 834.7371215820312, "wind_speed_10m": 2953.843017578125, "wind_direction_10m": 1022.5164794921875, "pressure_msl": 1071.082763671875, "month": 3702.879150390625, "is_holiday": 1134.466552734375, "is_weekend": 5682.98388671875, "price_lag_1": 126212.9921875, "price_lag_2": 13968.2216796875, "price_lag_24": 15380.9248046875, "price_lag_48": 2034.3404541015625, "price_lag_168": 8074.3271484375, "rolling_mean_24h": 2233.564697265625, "rolling_std_24h": 2106.7373046875, "temp_diff_24h": 1011.451171875, "wind_power_idx": 4023.44384765625, "hour_sin": 14572.6337890625, "hour_cos": 7403.12890625, "day_sin": 2071.90087890625, "day_cos": 2511.710205078125}