{"temperature_2m": 1442.30419921875, "relative_humidity_2m": 3070.693603515625, "precipitation": 640.9585571289062, "rain": 551.9995727539062, "snowfall": 512.7445068359375, "cloud_cover": 925.819580078125, "wind_speed_10m": 3783.267822265625, "wind_direction_10m": 633.62060546875, "pressure_msl": 1105.2696533203125, "hour": 6029.30322265625, "day_of_week": 3378.053955078125, "is_holiday": 1451.146728515625, "hour_sin": 10067.4140625, "hour_cos": 3799.357666015625, "price_lag_1": 136035.015625, "price_lag_2": 21825.89453125, "price_lag_24": 27877.88671875, "price_lag_48": 2010.3599853515625, "price_lag_168": 8726.5576171875}