{"temperature_2m": 1519.615966796875, "relative_humidity_2m": 2968.36279296875, "precipitation": 572.8316650390625, "rain": 398.4312744140625, "cloud_cover": 972.8529663085938, "wind_speed_10m": 5188.81787109375, "wind_direction_10m": 624.0927734375, "pressure_msl": 1074.9234619140625, "hour": 6120.6064453125, "day_of_week": 3967.117431640625, "is_holiday": 1435.68017578125, "hour_sin": 10401.220703125, "hour_cos": 3476.283447265625, "price_lag_1": 122774.7421875, "price_lag_2": 23590.57421875, "price_lag_24": 35625.90234375, "price_lag_48": 1389.6448974609375, "price_lag_168": 10596.234375}