{"temperature_2m": 2313.8779296875, "relative_humidity_2m": 3890.724609375, "precipitation": 835.409423828125, "rain": 650.4511108398438, "snowfall": 424.94134521484375, "cloud_cover": 752.9940185546875, "wind_speed_10m": 4252.16455078125, "wind_direction_10m": 1108.6839599609375, "pressure_msl": 1192.101806640625, "month": 3881.414794921875, "is_holiday": 1219.431640625, "is_weekend": 8283.8564453125, "price_lag_1": 136054.53125, "price_lag_2": 24915.138671875, "price_lag_24": 26837.705078125, "price_lag_48": 2549.289794921875, "price_lag_168": 11156.330078125, "rolling_mean_24h": 2649.482421875, "rolling_std_24h": 2741.58251953125, "temp_diff_24h": 951.7110595703125, "wind_power_idx": 7201.55859375, "hour_sin": 17456.98828125, "hour_cos": 10266.4755859375, "day_sin": 3665.571533203125, "day_cos": 2477.093994140625}