{"temperature_2m": 316.9747009277344, "relative_humidity_2m": 270.8346862792969, "precipitation": 193.15103149414062, "rain": 187.42105102539062, "snowfall": 125.46224212646484, "cloud_cover": 215.34490966796875, "wind_speed_10m": 479.3633728027344, "wind_direction_10m": 249.55294799804688, "pressure_msl": 255.52317810058594, "month": 842.5216674804688, "is_holiday": 402.45648193359375, "is_weekend": 1546.60595703125, "price_lag_1": 31953.845703125, "price_lag_2": 4646.9365234375, "price_lag_24": 1838.64306640625, "price_lag_48": 329.0445251464844, "price_lag_168": 820.4010009765625, "rolling_mean_24h": 502.31048583984375, "rolling_std_24h": 615.7464599609375, "temp_diff_24h": 228.2616424560547, "wind_power_idx": 729.0043334960938, "hour_sin": 4439.486328125, "hour_cos": 1464.484375, "day_sin": 621.6102905273438, "day_cos": 756.3821411132812}