{"temperature_2m": 1576.219482421875, "relative_humidity_2m": 1076.12060546875, "precipitation": 718.0551147460938, "rain": 592.1710815429688, "snowfall": 388.0570373535156, "cloud_cover": 771.49755859375, "wind_speed_10m": 2367.070068359375, "wind_direction_10m": 808.0930786132812, "pressure_msl": 841.4225463867188, "month": 2346.1171875, "is_holiday": 923.0859985351562, "is_weekend": 3475.909423828125, "price_lag_1": 104569.6484375, "price_lag_2": 16432.646484375, "price_lag_24": 10533.46875, "price_lag_48": 1456.30712890625, "price_lag_168": 4831.88818359375, "rolling_mean_24h": 1896.1173095703125, "rolling_std_24h": 1814.1895751953125, "temp_diff_24h": 738.2594604492188, "wind_power_idx": 2832.084228515625, "hour_sin": 10057.123046875, "hour_cos": 4688.40673828125, "day_sin": 1683.859130859375, "day_cos": 2437.8447265625}