{"temperature_2m": 2920.35986328125, "relative_humidity_2m": 2854.011962890625, "precipitation": 1095.820556640625, "rain": 818.9818725585938, "snowfall": 779.6211547851562, "cloud_cover": 1438.9881591796875, "wind_speed_10m": 6591.00927734375, "wind_direction_10m": 1445.7711181640625, "pressure_msl": 1539.3427734375, "month": 4805.51806640625, "is_holiday": 1394.478271484375, "is_weekend": 7994.04638671875, "price_lag_1": 159146.234375, "price_lag_2": 32888.86328125, "price_lag_24": 37324.63671875, "price_lag_48": 4094.65380859375, "price_lag_168": 18755.44921875, "rolling_mean_24h": 6085.28125, "rolling_std_24h": 4393.1220703125, "temp_diff_24h": 1302.656005859375, "wind_power_idx": 8301.2451171875, "hour_sin": 18929.9375, "hour_cos": 15997.8037109375, "day_sin": 5232.42333984375, "day_cos": 3465.46923828125}