{"temperature_2m": 1389.604248046875, "relative_humidity_2m": 1094.3958740234375, "precipitation": 610.295166015625, "rain": 435.7873229980469, "snowfall": 429.03802490234375, "cloud_cover": 752.9046020507812, "wind_speed_10m": 2145.583740234375, "wind_direction_10m": 796.6257934570312, "pressure_msl": 825.956298828125, "month": 2189.93017578125, "is_holiday": 836.683837890625, "is_weekend": 2912.994384765625, "price_lag_1": 99982.59375, "price_lag_2": 12661.7060546875, "price_lag_24": 9305.52734375, "price_lag_48": 1217.54541015625, "price_lag_168": 4589.9775390625, "rolling_mean_24h": 1781.445556640625, "rolling_std_24h": 2043.5638427734375, "temp_diff_24h": 671.8015747070312, "wind_power_idx": 2674.271728515625, "hour_sin": 9919.4853515625, "hour_cos": 4751.4580078125, "day_sin": 1548.3094482421875, "day_cos": 2267.275634765625}