{"temperature_2m": 1189.9935302734375, "relative_humidity_2m": 1224.2432861328125, "precipitation": 671.4429321289062, "rain": 541.7988891601562, "snowfall": 412.1640319824219, "cloud_cover": 645.5159912109375, "wind_speed_10m": 2936.700927734375, "wind_direction_10m": 788.9308471679688, "pressure_msl": 835.3983764648438, "month": 2533.365234375, "is_holiday": 991.4573364257812, "is_weekend": 5718.57763671875, "price_lag_1": 87756.0390625, "price_lag_2": 16119.267578125, "price_lag_24": 13009.4453125, "price_lag_48": 1429.0546875, "price_lag_168": 7085.23486328125, "rolling_mean_24h": 2389.2001953125, "rolling_std_24h": 2080.276123046875, "temp_diff_24h": 676.8017578125, "wind_power_idx": 2485.980712890625, "hour_sin": 11721.5732421875, "hour_cos": 7151.7392578125, "day_sin": 2488.16162109375, "day_cos": 2174.376220703125}