{"temperature_2m": 575.912841796875, "relative_humidity_2m": 396.21221923828125, "precipitation": 262.1367492675781, "rain": 245.64573669433594, "snowfall": 194.18199157714844, "cloud_cover": 334.1972351074219, "wind_speed_10m": 815.3741455078125, "wind_direction_10m": 348.87542724609375, "pressure_msl": 334.6587829589844, "month": 1315.1790771484375, "is_holiday": 467.17120361328125, "is_weekend": 2203.914794921875, "price_lag_1": 50638.3671875, "price_lag_2": 8069.849609375, "price_lag_24": 3082.033447265625, "price_lag_48": 554.1161499023438, "price_lag_168": 1466.8505859375, "rolling_mean_24h": 780.6332397460938, "rolling_std_24h": 935.7022094726562, "temp_diff_24h": 281.0613708496094, "wind_power_idx": 1115.860595703125, "hour_sin": 6676.0986328125, "hour_cos": 2375.3232421875, "day_sin": 801.8147583007812, "day_cos": 1092.3984375}