{"temperature_2m": 1226.4320068359375, "relative_humidity_2m": 896.9947509765625, "precipitation": 563.8925170898438, "rain": 393.5836181640625, "snowfall": 320.7353210449219, "cloud_cover": 558.9821166992188, "wind_speed_10m": 1793.490966796875, "wind_direction_10m": 615.012451171875, "pressure_msl": 633.2383422851562, "month": 1909.05517578125, "is_holiday": 735.8062133789062, "is_weekend": 3002.01904296875, "price_lag_1": 88427.890625, "price_lag_2": 12660.4521484375, "price_lag_24": 6881.90087890625, "price_lag_48": 1046.296630859375, "price_lag_168": 3626.729248046875, "rolling_mean_24h": 1367.1507568359375, "rolling_std_24h": 1355.0380859375, "temp_diff_24h": 585.4885864257812, "wind_power_idx": 2056.24072265625, "hour_sin": 8815.251953125, "hour_cos": 3890.32861328125, "day_sin": 1082.3604736328125, "day_cos": 2115.04150390625}