{"temperature_2m": 521.9338989257812, "relative_humidity_2m": 603.5814208984375, "precipitation": 239.29295349121094, "rain": 244.56903076171875, "snowfall": 196.34945678710938, "cloud_cover": 349.5920715332031, "wind_speed_10m": 1219.327880859375, "wind_direction_10m": 336.8205871582031, "pressure_msl": 379.7062683105469, "hour": 2024.9443359375, "day_of_week": 1492.5755615234375, "is_holiday": 1146.181396484375, "hour_sin": 3290.21533203125, "hour_cos": 1558.8770751953125, "price_lag_1": 36306.41796875, "price_lag_2": 7691.3837890625, "price_lag_24": 5085.2197265625, "price_lag_48": 591.2371215820312, "price_lag_168": 1687.5499267578125}