{"temperature_2m": 1150.37109375, "relative_humidity_2m": 786.555419921875, "precipitation": 462.9334716796875, "rain": 438.9830627441406, "snowfall": 309.6560974121094, "cloud_cover": 566.8373413085938, "wind_speed_10m": 1752.361328125, "wind_direction_10m": 572.2525634765625, "pressure_msl": 599.3683471679688, "month": 1905.9989013671875, "is_holiday": 739.8017578125, "is_weekend": 2959.311767578125, "price_lag_1": 81216.671875, "price_lag_2": 11585.162109375, "price_lag_24": 5954.51220703125, "price_lag_48": 1047.471923828125, "price_lag_168": 3139.58203125, "rolling_mean_24h": 1211.355712890625, "rolling_std_24h": 1495.2701416015625, "temp_diff_24h": 546.54736328125, "wind_power_idx": 1684.4652099609375, "hour_sin": 9035.001953125, "hour_cos": 3513.494873046875, "day_sin": 1177.116943359375, "day_cos": 1698.5166015625}