{"temperature_2m": 599.6704711914062, "relative_humidity_2m": 439.8891296386719, "precipitation": 340.1188659667969, "rain": 279.38909912109375, "snowfall": 212.21237182617188, "cloud_cover": 343.0621643066406, "wind_speed_10m": 907.437255859375, "wind_direction_10m": 358.0289611816406, "pressure_msl": 344.79205322265625, "month": 1350.9029541015625, "is_holiday": 600.8446044921875, "is_weekend": 2250.04638671875, "price_lag_1": 45828.0546875, "price_lag_2": 5933.52587890625, "price_lag_24": 2981.65673828125, "price_lag_48": 465.799072265625, "price_lag_168": 1518.640625, "rolling_mean_24h": 686.8687744140625, "rolling_std_24h": 803.9498901367188, "temp_diff_24h": 360.7865905761719, "wind_power_idx": 768.0198364257812, "hour_sin": 5894.7890625, "hour_cos": 2064.82421875, "day_sin": 633.0899658203125, "day_cos": 1103.4822998046875}