{"temperature_2m": 1118.4505615234375, "relative_humidity_2m": 1276.8316650390625, "precipitation": 498.74609375, "rain": 534.5123901367188, "snowfall": 402.9484558105469, "cloud_cover": 578.6765747070312, "wind_speed_10m": 1762.5770263671875, "wind_direction_10m": 697.01318359375, "pressure_msl": 718.5184326171875, "month": 2381.16552734375, "is_holiday": 949.00634765625, "is_weekend": 5227.16650390625, "price_lag_1": 67632.5546875, "price_lag_2": 17841.83203125, "price_lag_24": 10419.177734375, "price_lag_48": 1056.08740234375, "price_lag_168": 5922.8466796875, "rolling_mean_24h": 2296.62109375, "rolling_std_24h": 1545.6759033203125, "temp_diff_24h": 573.4332275390625, "wind_power_idx": 2927.811767578125, "hour_sin": 11118.6328125, "hour_cos": 6248.89697265625, "day_sin": 1532.56494140625, "day_cos": 2070.79443359375}