{"temperature_2m": 1564.6693115234375, "relative_humidity_2m": 1351.533203125, "precipitation": 747.1239624023438, "rain": 735.7720336914062, "snowfall": 396.8672790527344, "cloud_cover": 603.6263427734375, "wind_speed_10m": 2685.389404296875, "wind_direction_10m": 813.1865844726562, "pressure_msl": 864.6159057617188, "month": 2725.820068359375, "is_holiday": 1046.570068359375, "is_weekend": 6608.59912109375, "price_lag_1": 110614.703125, "price_lag_2": 12772.6806640625, "price_lag_24": 12214.6123046875, "price_lag_48": 1444.250732421875, "price_lag_168": 6415.7705078125, "rolling_mean_24h": 1819.6859130859375, "rolling_std_24h": 1802.361328125, "temp_diff_24h": 764.703857421875, "wind_power_idx": 2818.523193359375, "hour_sin": 14280.3896484375, "hour_cos": 6202.13037109375, "day_sin": 2096.026123046875, "day_cos": 2417.04443359375}