{"temperature_2m": 1843.7630615234375, "relative_humidity_2m": 1634.688232421875, "precipitation": 918.6361083984375, "rain": 661.8906860351562, "snowfall": 482.2837219238281, "cloud_cover": 884.071044921875, "wind_speed_10m": 3228.361083984375, "wind_direction_10m": 1040.1263427734375, "pressure_msl": 1133.25, "month": 3448.007568359375, "is_holiday": 1122.027099609375, "is_weekend": 5660.82470703125, "price_lag_1": 121733.46875, "price_lag_2": 15307.9892578125, "price_lag_24": 14995.607421875, "price_lag_48": 1856.253173828125, "price_lag_168": 8041.73876953125, "rolling_mean_24h": 2142.3251953125, "rolling_std_24h": 1982.7508544921875, "temp_diff_24h": 1002.8908081054688, "wind_power_idx": 3385.712890625, "hour_sin": 14298.6142578125, "hour_cos": 7155.921875, "day_sin": 2722.885009765625, "day_cos": 2481.34521484375}