{"temperature_2m": 1625.793701171875, "relative_humidity_2m": 3302.093994140625, "precipitation": 617.804931640625, "rain": 696.103515625, "snowfall": 478.42816162109375, "cloud_cover": 988.1099243164062, "wind_speed_10m": 3879.025146484375, "wind_direction_10m": 656.9557495117188, "pressure_msl": 1198.654541015625, "hour": 6386.46923828125, "day_of_week": 3558.158203125, "is_holiday": 1529.327392578125, "hour_sin": 10485.865234375, "hour_cos": 3693.65625, "price_lag_1": 141366.71875, "price_lag_2": 24143.392578125, "price_lag_24": 31935.26171875, "price_lag_48": 2375.958984375, "price_lag_168": 9457.646484375}