{"temperature_2m": 418.0771179199219, "relative_humidity_2m": 313.7672119140625, "precipitation": 239.31015014648438, "rain": 256.9921875, "snowfall": 189.2461700439453, "cloud_cover": 258.40216064453125, "wind_speed_10m": 557.180908203125, "wind_direction_10m": 291.89190673828125, "pressure_msl": 280.1329040527344, "month": 1003.4329833984375, "is_holiday": 425.43060302734375, "is_weekend": 1579.9366455078125, "price_lag_1": 34873.4453125, "price_lag_2": 4941.408203125, "price_lag_24": 1929.2823486328125, "price_lag_48": 369.01361083984375, "price_lag_168": 986.2448120117188, "rolling_mean_24h": 590.5977783203125, "rolling_std_24h": 718.5946044921875, "temp_diff_24h": 264.8719482421875, "wind_power_idx": 663.7009887695312, "hour_sin": 4728.23876953125, "hour_cos": 1861.4969482421875, "day_sin": 597.3247680664062, "day_cos": 898.4319458007812}