{"temperature_2m": 2368.99267578125, "relative_humidity_2m": 2184.306640625, "precipitation": 1032.2489013671875, "rain": 953.3917846679688, "snowfall": 533.34912109375, "cloud_cover": 1033.3583984375, "wind_speed_10m": 4197.46142578125, "wind_direction_10m": 1234.1138916015625, "pressure_msl": 1263.51806640625, "month": 4613.2119140625, "is_holiday": 1246.053955078125, "is_weekend": 7416.3134765625, "price_lag_1": 156227.9375, "price_lag_2": 20077.67578125, "price_lag_24": 26868.072265625, "price_lag_48": 2241.305908203125, "price_lag_168": 11556.7138671875, "rolling_mean_24h": 2724.360107421875, "rolling_std_24h": 3226.45654296875, "temp_diff_24h": 1130.0894775390625, "wind_power_idx": 5188.46630859375, "hour_sin": 18282.00390625, "hour_cos": 10336.7158203125, "day_sin": 3441.947265625, "day_cos": 2562.893310546875}