{"temperature_2m": 1786.85986328125, "relative_humidity_2m": 1256.7679443359375, "precipitation": 632.9259033203125, "rain": 457.4560241699219, "snowfall": 371.9439697265625, "cloud_cover": 793.7239990234375, "wind_speed_10m": 2886.625244140625, "wind_direction_10m": 882.7440185546875, "pressure_msl": 871.0263061523438, "month": 2772.762451171875, "is_holiday": 867.7876586914062, "is_weekend": 3730.35498046875, "price_lag_1": 120032.7265625, "price_lag_2": 17963.66796875, "price_lag_24": 13574.2470703125, "price_lag_48": 1345.38916015625, "price_lag_168": 5742.8251953125, "rolling_mean_24h": 2215.845458984375, "rolling_std_24h": 2295.09521484375, "temp_diff_24h": 701.3072509765625, "wind_power_idx": 3206.723876953125, "hour_sin": 11940.1396484375, "hour_cos": 5165.14404296875, "day_sin": 1788.9307861328125, "day_cos": 2605.787353515625}