{"temperature_2m": 1166.97607421875, "relative_humidity_2m": 1008.1431884765625, "precipitation": 508.06097412109375, "rain": 485.20660400390625, "snowfall": 359.7962646484375, "cloud_cover": 545.088623046875, "wind_speed_10m": 1674.428955078125, "wind_direction_10m": 566.6405029296875, "pressure_msl": 674.4034423828125, "month": 1900.3837890625, "is_holiday": 684.3729248046875, "is_weekend": 2986.023193359375, "price_lag_1": 66684.4765625, "price_lag_2": 15092.1396484375, "price_lag_24": 8041.556640625, "price_lag_48": 1499.78125, "price_lag_168": 3222.848876953125, "rolling_mean_24h": 1740.92724609375, "rolling_std_24h": 1853.2264404296875, "temp_diff_24h": 552.6104125976562, "wind_power_idx": 2586.999267578125, "hour_sin": 7804.65576171875, "hour_cos": 4153.974609375, "day_sin": 1678.4488525390625, "day_cos": 1877.1802978515625}