{"temperature_2m": 2734.15576171875, "relative_humidity_2m": 1958.6512451171875, "precipitation": 851.717529296875, "rain": 530.2059936523438, "snowfall": 629.12890625, "cloud_cover": 821.557861328125, "wind_speed_10m": 3610.16357421875, "wind_direction_10m": 1234.7166748046875, "pressure_msl": 1256.47607421875, "month": 3924.520263671875, "is_holiday": 1186.876953125, "is_weekend": 6186.80712890625, "price_lag_1": 145195.5625, "price_lag_2": 16784.369140625, "price_lag_24": 19839.080078125, "price_lag_48": 2207.458740234375, "price_lag_168": 10253.986328125, "rolling_mean_24h": 2639.42822265625, "rolling_std_24h": 2815.585693359375, "temp_diff_24h": 1116.8489990234375, "wind_power_idx": 4934.48583984375, "hour_sin": 15948.2568359375, "hour_cos": 8794.6015625, "day_sin": 3084.254150390625, "day_cos": 2536.799560546875}