{"temperature_2m": 745.625, "relative_humidity_2m": 888.9979248046875, "precipitation": 334.707763671875, "rain": 266.4916687011719, "snowfall": 202.74501037597656, "cloud_cover": 475.0285949707031, "wind_speed_10m": 1187.6962890625, "wind_direction_10m": 363.8931579589844, "pressure_msl": 489.7281799316406, "hour": 2877.217041015625, "day_of_week": 1371.84423828125, "is_holiday": 955.3365478515625, "hour_sin": 4853.9482421875, "hour_cos": 1489.1058349609375, "price_lag_1": 69915.6953125, "price_lag_2": 9970.7021484375, "price_lag_24": 5337.416015625, "price_lag_48": 627.14111328125, "price_lag_168": 1922.274169921875}