{"temperature_2m": 1205.9910888671875, "relative_humidity_2m": 2018.6959228515625, "precipitation": 543.8800048828125, "rain": 534.20556640625, "snowfall": 401.22137451171875, "cloud_cover": 832.408447265625, "wind_speed_10m": 3142.0087890625, "wind_direction_10m": 561.0809936523438, "pressure_msl": 901.968994140625, "hour": 5460.52783203125, "day_of_week": 3163.505126953125, "is_holiday": 1205.679443359375, "hour_sin": 8515.4541015625, "hour_cos": 2290.147216796875, "price_lag_1": 109591.421875, "price_lag_2": 15970.451171875, "price_lag_24": 17263.513671875, "price_lag_48": 1319.06396484375, "price_lag_168": 5670.09423828125}