{"temperature_2m": 3150.6220703125, "relative_humidity_2m": 2445.722900390625, "precipitation": 1110.6524658203125, "rain": 1241.08154296875, "snowfall": 725.86376953125, "cloud_cover": 1274.2874755859375, "wind_speed_10m": 5187.673828125, "wind_direction_10m": 1503.7703857421875, "pressure_msl": 1539.225830078125, "month": 5491.4697265625, "is_holiday": 1448.2734375, "is_weekend": 8401.8798828125, "price_lag_1": 155130.796875, "price_lag_2": 31370.734375, "price_lag_24": 36822.18359375, "price_lag_48": 3430.54052734375, "price_lag_168": 14066.40625, "rolling_mean_24h": 3830.934326171875, "rolling_std_24h": 4567.541015625, "temp_diff_24h": 1312.13427734375, "wind_power_idx": 9830.1943359375, "hour_sin": 18244.203125, "hour_cos": 14080.728515625, "day_sin": 4294.52783203125, "day_cos": 2884.919189453125}