{"temperature_2m": 828.1426391601562, "relative_humidity_2m": 768.6563720703125, "precipitation": 348.3753967285156, "rain": 306.7230529785156, "snowfall": 263.7133483886719, "cloud_cover": 449.08929443359375, "wind_speed_10m": 1251.4805908203125, "wind_direction_10m": 470.5106506347656, "pressure_msl": 467.8914489746094, "month": 1710.4649658203125, "is_holiday": 583.0716552734375, "is_weekend": 2739.30419921875, "price_lag_1": 60628.23046875, "price_lag_2": 13093.3349609375, "price_lag_24": 6143.7509765625, "price_lag_48": 911.937744140625, "price_lag_168": 2609.590576171875, "rolling_mean_24h": 1421.8985595703125, "rolling_std_24h": 1472.639404296875, "temp_diff_24h": 419.7218322753906, "wind_power_idx": 2490.977783203125, "hour_sin": 7514.21875, "hour_cos": 3462.955322265625, "day_sin": 1210.2119140625, "day_cos": 1498.745361328125}