{"temperature_2m": 547.3118286132812, "relative_humidity_2m": 706.3646850585938, "precipitation": 249.94203186035156, "rain": 391.2666015625, "snowfall": 211.72398376464844, "cloud_cover": 301.50323486328125, "wind_speed_10m": 845.6661376953125, "wind_direction_10m": 322.6180419921875, "pressure_msl": 333.6960754394531, "month": 1170.7698974609375, "is_holiday": 449.9572448730469, "is_weekend": 2073.132080078125, "price_lag_1": 43328.7890625, "price_lag_2": 8571.279296875, "price_lag_24": 4350.548828125, "price_lag_48": 522.95556640625, "price_lag_168": 1886.3446044921875, "rolling_mean_24h": 1134.821533203125, "rolling_std_24h": 986.1058959960938, "temp_diff_24h": 269.1611328125, "wind_power_idx": 1043.740478515625, "hour_sin": 6006.46630859375, "hour_cos": 2771.343994140625, "day_sin": 984.7000122070312, "day_cos": 1135.73291015625}