{"temperature_2m": 331.8531799316406, "relative_humidity_2m": 259.5880126953125, "precipitation": 165.13836669921875, "rain": 162.88160705566406, "snowfall": 179.56387329101562, "cloud_cover": 205.07345581054688, "wind_speed_10m": 431.74139404296875, "wind_direction_10m": 220.45687866210938, "pressure_msl": 220.10487365722656, "month": 867.5065307617188, "is_holiday": 319.5355224609375, "is_weekend": 1303.10693359375, "price_lag_1": 29237.34765625, "price_lag_2": 3825.546630859375, "price_lag_24": 1547.360107421875, "price_lag_48": 339.8677978515625, "price_lag_168": 719.658203125, "rolling_mean_24h": 420.2564392089844, "rolling_std_24h": 497.93377685546875, "temp_diff_24h": 200.9525604248047, "wind_power_idx": 484.47021484375, "hour_sin": 4076.687255859375, "hour_cos": 1364.8828125, "day_sin": 472.02301025390625, "day_cos": 671.6727905273438}