{"temperature_2m": 2001.052734375, "relative_humidity_2m": 1557.615478515625, "precipitation": 766.8077392578125, "rain": 818.6337280273438, "snowfall": 524.900634765625, "cloud_cover": 972.2058715820312, "wind_speed_10m": 3572.501953125, "wind_direction_10m": 1088.0816650390625, "pressure_msl": 1178.9886474609375, "month": 3303.064208984375, "is_holiday": 1144.830078125, "is_weekend": 5997.93701171875, "price_lag_1": 117435.75, "price_lag_2": 15996.580078125, "price_lag_24": 15506.69140625, "price_lag_48": 1954.6334228515625, "price_lag_168": 8119.39990234375, "rolling_mean_24h": 2139.876953125, "rolling_std_24h": 2963.08984375, "temp_diff_24h": 1010.4042358398438, "wind_power_idx": 3992.5380859375, "hour_sin": 14338.001953125, "hour_cos": 7770.7646484375, "day_sin": 2488.312255859375, "day_cos": 2493.265380859375}