{"temperature_2m": 1449.1722412109375, "relative_humidity_2m": 1078.349365234375, "precipitation": 655.5236206054688, "rain": 535.1980590820312, "snowfall": 422.2391357421875, "cloud_cover": 707.6142578125, "wind_speed_10m": 2081.1572265625, "wind_direction_10m": 755.9776611328125, "pressure_msl": 733.1069946289062, "month": 1945.8499755859375, "is_holiday": 853.6412963867188, "is_weekend": 2874.45751953125, "price_lag_1": 93105.484375, "price_lag_2": 12847.0908203125, "price_lag_24": 7869.62548828125, "price_lag_48": 1340.4246826171875, "price_lag_168": 4281.0048828125, "rolling_mean_24h": 1583.48388671875, "rolling_std_24h": 1648.7412109375, "temp_diff_24h": 690.7520141601562, "wind_power_idx": 2427.0771484375, "hour_sin": 9426.21875, "hour_cos": 3940.630859375, "day_sin": 1463.22607421875, "day_cos": 2232.7470703125}