{"temperature_2m": 512.826416015625, "relative_humidity_2m": 415.9270935058594, "precipitation": 360.3389587402344, "rain": 245.7031707763672, "snowfall": 251.4820098876953, "cloud_cover": 359.7952880859375, "wind_speed_10m": 764.4981079101562, "wind_direction_10m": 388.8001403808594, "pressure_msl": 393.5724182128906, "month": 1462.0152587890625, "is_holiday": 640.8046264648438, "is_weekend": 2043.1634521484375, "price_lag_1": 48108.65625, "price_lag_2": 6332.70458984375, "price_lag_24": 2907.9169921875, "price_lag_48": 565.1295776367188, "price_lag_168": 1541.3101806640625, "rolling_mean_24h": 757.2742309570312, "rolling_std_24h": 878.9675903320312, "temp_diff_24h": 362.7430419921875, "wind_power_idx": 1064.134765625, "hour_sin": 6178.96240234375, "hour_cos": 2199.8369140625, "day_sin": 693.33056640625, "day_cos": 1547.4468994140625}