{"temperature_2m": 450.58184814453125, "relative_humidity_2m": 381.16680908203125, "precipitation": 265.2333679199219, "rain": 281.7247009277344, "snowfall": 218.4136962890625, "cloud_cover": 311.5679016113281, "wind_speed_10m": 703.5435791015625, "wind_direction_10m": 370.28570556640625, "pressure_msl": 360.49462890625, "month": 994.080810546875, "is_holiday": 501.28369140625, "is_weekend": 1834.0477294921875, "price_lag_1": 39201.33203125, "price_lag_2": 6082.4384765625, "price_lag_24": 2595.404052734375, "price_lag_48": 481.5886535644531, "price_lag_168": 1233.0335693359375, "rolling_mean_24h": 714.4544067382812, "rolling_std_24h": 966.2344970703125, "temp_diff_24h": 337.8199157714844, "wind_power_idx": 971.9029541015625, "hour_sin": 5220.43115234375, "hour_cos": 1899.8387451171875, "day_sin": 819.177490234375, "day_cos": 951.48486328125}