{"temperature_2m": 301.6014404296875, "relative_humidity_2m": 369.6014709472656, "precipitation": 155.9047088623047, "rain": 156.00405883789062, "snowfall": 255.83453369140625, "cloud_cover": 214.53805541992188, "wind_speed_10m": 701.3903198242188, "wind_direction_10m": 225.49090576171875, "pressure_msl": 228.52304077148438, "hour": 1475.4598388671875, "day_of_week": 897.20703125, "is_holiday": 1091.946044921875, "hour_sin": 2258.985107421875, "hour_cos": 944.3820190429688, "price_lag_1": 23950.8984375, "price_lag_2": 4748.74462890625, "price_lag_24": 2781.802001953125, "price_lag_48": 356.64111328125, "price_lag_168": 1034.44580078125}