{"temperature_2m": 424.7485046386719, "relative_humidity_2m": 324.2492980957031, "precipitation": 226.4478302001953, "rain": 213.91329956054688, "snowfall": 182.40419006347656, "cloud_cover": 270.8323059082031, "wind_speed_10m": 637.6023559570312, "wind_direction_10m": 299.3096923828125, "pressure_msl": 320.7376403808594, "month": 1156.614501953125, "is_holiday": 448.9501647949219, "is_weekend": 1773.6715087890625, "price_lag_1": 38570.9921875, "price_lag_2": 4791.6064453125, "price_lag_24": 2000.18017578125, "price_lag_48": 411.00579833984375, "price_lag_168": 979.5597534179688, "rolling_mean_24h": 626.4468994140625, "rolling_std_24h": 670.6909790039062, "temp_diff_24h": 271.923583984375, "wind_power_idx": 708.8951416015625, "hour_sin": 5480.54541015625, "hour_cos": 1681.370849609375, "day_sin": 735.8804931640625, "day_cos": 1029.560791015625}