{"temperature_2m": 336.5106201171875, "relative_humidity_2m": 271.2733459472656, "precipitation": 210.54132080078125, "rain": 168.324462890625, "snowfall": 175.94451904296875, "cloud_cover": 211.98301696777344, "wind_speed_10m": 510.1963195800781, "wind_direction_10m": 242.05703735351562, "pressure_msl": 237.32177734375, "month": 935.8068237304688, "is_holiday": 390.9891662597656, "is_weekend": 1493.8795166015625, "price_lag_1": 31734.580078125, "price_lag_2": 4171.435546875, "price_lag_24": 1679.1805419921875, "price_lag_48": 377.7750549316406, "price_lag_168": 852.2762451171875, "rolling_mean_24h": 484.1830139160156, "rolling_std_24h": 564.5062255859375, "temp_diff_24h": 219.0189666748047, "wind_power_idx": 525.2470092773438, "hour_sin": 4168.0888671875, "hour_cos": 1340.57958984375, "day_sin": 503.02911376953125, "day_cos": 792.0681762695312}