{"temperature_2m": 474.6294860839844, "relative_humidity_2m": 598.1566772460938, "precipitation": 242.63894653320312, "rain": 231.96873474121094, "snowfall": 241.77792358398438, "cloud_cover": 273.9063415527344, "wind_speed_10m": 725.5676879882812, "wind_direction_10m": 326.60552978515625, "pressure_msl": 330.1120300292969, "month": 1183.6636962890625, "is_holiday": 568.21630859375, "is_weekend": 2036.6912841796875, "price_lag_1": 40616.5625, "price_lag_2": 8464.5302734375, "price_lag_24": 3850.899169921875, "price_lag_48": 591.1620483398438, "price_lag_168": 1474.8994140625, "rolling_mean_24h": 931.620361328125, "rolling_std_24h": 965.1492309570312, "temp_diff_24h": 311.0481262207031, "wind_power_idx": 1537.0709228515625, "hour_sin": 5863.9912109375, "hour_cos": 2286.324462890625, "day_sin": 864.2175903320312, "day_cos": 1096.047119140625}