{"temperature_2m": 128.13836669921875, "relative_humidity_2m": 166.7229766845703, "precipitation": 75.65486145019531, "rain": 77.31425476074219, "snowfall": 148.44476318359375, "cloud_cover": 99.3187255859375, "wind_speed_10m": 273.2468566894531, "wind_direction_10m": 92.53558349609375, "pressure_msl": 99.18258666992188, "hour": 744.2239990234375, "day_of_week": 410.9837951660156, "is_holiday": 910.5039672851562, "hour_sin": 842.3095703125, "hour_cos": 349.1370849609375, "price_lag_1": 8426.7353515625, "price_lag_2": 1826.7528076171875, "price_lag_24": 945.481689453125, "price_lag_48": 180.06712341308594, "price_lag_168": 422.7231140136719}