{"temperature_2m": 822.84228515625, "relative_humidity_2m": 732.9924926757812, "precipitation": 431.46514892578125, "rain": 413.4192810058594, "snowfall": 336.289794921875, "cloud_cover": 478.5117492675781, "wind_speed_10m": 1264.0750732421875, "wind_direction_10m": 571.0316162109375, "pressure_msl": 605.5992431640625, "month": 1954.8031005859375, "is_holiday": 772.2340698242188, "is_weekend": 4492.6796875, "price_lag_1": 68424.6484375, "price_lag_2": 7768.72021484375, "price_lag_24": 5335.85546875, "price_lag_48": 828.6385498046875, "price_lag_168": 3471.12451171875, "rolling_mean_24h": 1133.604736328125, "rolling_std_24h": 1113.9407958984375, "temp_diff_24h": 502.09967041015625, "wind_power_idx": 1753.0345458984375, "hour_sin": 8906.5361328125, "hour_cos": 3593.705322265625, "day_sin": 1080.345458984375, "day_cos": 1495.422607421875}