{"temperature_2m": 322.2504577636719, "relative_humidity_2m": 378.6119079589844, "precipitation": 187.86489868164062, "rain": 176.11727905273438, "snowfall": 178.58465576171875, "cloud_cover": 242.83975219726562, "wind_speed_10m": 645.3840942382812, "wind_direction_10m": 223.1693572998047, "pressure_msl": 236.4605255126953, "hour": 1623.1507568359375, "day_of_week": 1013.812744140625, "is_holiday": 1063.1434326171875, "hour_sin": 2126.326904296875, "hour_cos": 990.719482421875, "price_lag_1": 23444.484375, "price_lag_2": 4486.0498046875, "price_lag_24": 2451.98828125, "price_lag_48": 385.3976745605469, "price_lag_168": 945.519775390625}