{"temperature_2m": 529.4112548828125, "relative_humidity_2m": 383.7657775878906, "precipitation": 319.6302490234375, "rain": 238.4021759033203, "snowfall": 178.78773498535156, "cloud_cover": 274.875, "wind_speed_10m": 719.1017456054688, "wind_direction_10m": 309.9226989746094, "pressure_msl": 298.7493591308594, "month": 1070.7191162109375, "is_holiday": 529.8190307617188, "is_weekend": 1839.1190185546875, "price_lag_1": 46028.34765625, "price_lag_2": 5353.09326171875, "price_lag_24": 2509.101806640625, "price_lag_48": 503.5450439453125, "price_lag_168": 1345.907958984375, "rolling_mean_24h": 555.90234375, "rolling_std_24h": 606.1542358398438, "temp_diff_24h": 293.2715148925781, "wind_power_idx": 806.87353515625, "hour_sin": 5934.2080078125, "hour_cos": 1835.896728515625, "day_sin": 504.74920654296875, "day_cos": 958.231201171875}