{"temperature_2m": 540.2325439453125, "relative_humidity_2m": 810.7657470703125, "precipitation": 238.9743194580078, "rain": 232.99374389648438, "snowfall": 166.6669158935547, "cloud_cover": 356.8050537109375, "wind_speed_10m": 1373.40185546875, "wind_direction_10m": 317.70172119140625, "pressure_msl": 341.77545166015625, "hour": 2429.197509765625, "day_of_week": 1600.7974853515625, "is_holiday": 1269.949462890625, "hour_sin": 2929.83837890625, "hour_cos": 1336.903076171875, "price_lag_1": 35140.92578125, "price_lag_2": 8860.7099609375, "price_lag_24": 5037.22119140625, "price_lag_48": 686.7447509765625, "price_lag_168": 2115.913330078125}