{"temperature_2m": 1877.47998046875, "relative_humidity_2m": 1287.724609375, "precipitation": 684.225341796875, "rain": 511.6376953125, "snowfall": 442.6904296875, "cloud_cover": 745.7976684570312, "wind_speed_10m": 2826.630859375, "wind_direction_10m": 898.820556640625, "pressure_msl": 923.1847534179688, "month": 2831.1806640625, "is_holiday": 881.1292724609375, "is_weekend": 3745.70849609375, "price_lag_1": 114211.1171875, "price_lag_2": 17988.083984375, "price_lag_24": 13122.953125, "price_lag_48": 1396.9775390625, "price_lag_168": 5855.89306640625, "rolling_mean_24h": 2068.803466796875, "rolling_std_24h": 2325.51123046875, "temp_diff_24h": 725.9453125, "wind_power_idx": 3072.311767578125, "hour_sin": 11618.7958984375, "hour_cos": 5243.83544921875, "day_sin": 1757.15380859375, "day_cos": 2604.486572265625}