{"temperature_2m": 2051.074462890625, "relative_humidity_2m": 1958.2916259765625, "precipitation": 979.770263671875, "rain": 1055.634521484375, "snowfall": 582.6317749023438, "cloud_cover": 1045.44140625, "wind_speed_10m": 3764.29833984375, "wind_direction_10m": 1148.938232421875, "pressure_msl": 1194.8624267578125, "month": 3658.634521484375, "is_holiday": 1144.80908203125, "is_weekend": 6334.970703125, "price_lag_1": 140397.78125, "price_lag_2": 18152.17578125, "price_lag_24": 18694.45703125, "price_lag_48": 1988.0679931640625, "price_lag_168": 9030.37890625, "rolling_mean_24h": 2486.239501953125, "rolling_std_24h": 3129.8662109375, "temp_diff_24h": 1007.2125244140625, "wind_power_idx": 3781.667236328125, "hour_sin": 16449.888671875, "hour_cos": 8206.2451171875, "day_sin": 2890.234130859375, "day_cos": 2527.871826171875}